STATION,ELEVATION,LATITUDE,LONGITUDE,DATE,DLY-PRCP-25PCTL,DLY-PRCP-50PCTL,DLY-PRCP-75PCTL,MTD-PRCP-NORMAL,MTD-SNOW-NORMAL,YTD-PRCP-NORMAL,YTD-SNOW-NORMAL,DLY-PRCP-PCTALL-GE001HI,DLY-PRCP-PCTALL-GE010HI,DLY-PRCP-PCTALL-GE050HI,DLY-PRCP-PCTALL-GE100HI,DLY-SNWD-PCTALL-GE001WI,DLY-SNWD-PCTALL-GE010WI,DLY-SNWD-PCTALL-GE003WI,DLY-SNWD-PCTALL-GE005WI,DLY-SNOW-PCTALL-GE001TI,DLY-SNOW-PCTALL-GE010TI,DLY-SNOW-PCTALL-GE100TI,DLY-SNOW-PCTALL-GE030TI,DLY-SNOW-PCTALL-GE050TI,DLY-TAVG-NORMAL,DLY-DUTR-NORMAL,DLY-TMAX-NORMAL,DLY-TMIN-NORMAL,DLY-TAVG-STDDEV,DLY-DUTR-STDDEV,DLY-TMAX-STDDEV,DLY-TMIN-STDDEV
GHCND:USC00045064,29,34.6538,-120.4513,20100101,0.07,0.21,0.55,0.10,0.0,0.10,0.0,244,171,71,30,0,0,0,0,0,0,0,0,0,52.1,21.0,62.6,41.6,4.7,8.3,6.4,6.2
GHCND:USC00045064,29,34.6538,-120.4513,20100102,0.08,0.21,0.56,0.20,0.0,0.20,0.0,244,172,72,30,0,0,0,0,0,0,0,0,0,52.2,21.0,62.7,41.7,4.7,8.3,6.4,6.2
GHCND:USC00045064,29,34.6538,-120.4513,20100103,0.08,0.21,0.56,0.30,0.0,0.30,0.0,243,172,72,31,0,0,0,0,0,0,0,0,0,52.2,21.0,62.7,41.7,4.7,8.4,6.4,6.2
GHCND:USC00045064,29,34.6538,-120.4513,20100104,0.08,0.22,0.57,0.40,0.0,0.40,0.0,243,173,73,31,0,0,0,0,0,0,0,0,0,52.3,21.0,62.8,41.8,4.7,8.4,6.4,6.2
GHCND:USC00045064,29,34.6538,-120.4513,20100105,0.08,0.22,0.57,0.50,0.0,0.50,0.0,242,173,73,32,0,0,0,0,0,0,0,0,0,52.3,21.0,62.8,41.8,4.7,8.4,6.4,6.2
GHCND:USC00045064,29,34.6538,-120.4513,20100106,0.08,0.22,0.58,0.59,0.0,0.59,0.0,241,173,74,32,0,0,0,0,0,0,0,0,0,52.4,21.0,62.9,41.9,4.7,8.4,6.4,6.3
GHCND:USC00045064,29,34.6538,-120.4513,20100107,0.08,0.23,0.58,0.69,0.0,0.69,0.0,240,173,74,32,0,0,0,0,0,0,0,0,0,52.4,21.1,63.0,41.9,4.7,8.4,6.4,6.3
GHCND:USC00045064,29,34.6538,-120.4513,20100108,0.08,0.23,0.58,0.80,0.0,0.80,0.0,239,173,74,32,0,0,0,0,0,0,0,0,0,52.5,21.1,63.0,42.0,4.7,8.4,6.4,6.3
GHCND:USC00045064,29,34.6538,-120.4513,20100109,0.08,0.23,0.59,0.90,0.0,0.90,0.0,238,173,75,33,0,0,0,0,0,0,0,0,0,52.5,21.1,63.1,42.0,4.7,8.4,6.4,6.3
GHCND:USC00045064,29,34.6538,-120.4513,20100110,0.08,0.23,0.59,1.01,0.0,1.01,0.0,238,172,75,33,0,0,0,0,0,0,0,0,0,52.6,21.1,63.1,42.0,4.7,8.4,6.4,6.3
GHCND:USC00045064,29,34.6538,-120.4513,20100111,0.08,0.23,0.59,1.12,0.0,1.12,0.0,237,172,75,33,0,0,0,0,0,0,0,0,0,52.6,21.1,63.2,42.1,4.7,8.4,6.4,6.2
GHCND:USC00045064,29,34.6538,-120.4513,20100112,0.08,0.23,0.59,1.23,0.0,1.23,0.0,237,173,75,33,0,0,0,0,0,0,0,0,0,52.7,21.1,63.3,42.1,4.7,8.4,6.4,6.2
GHCND:USC00045064,29,34.6538,-120.4513,20100113,0.08,0.23,0.59,1.34,0.0,1.34,0.0,238,173,75,33,0,0,0,0,0,0,0,0,0,52.7,21.1,63.3,42.2,4.7,8.4,6.4,6.2
GHCND:USC00045064,29,34.6538,-120.4513,20100114,0.08,0.23,0.59,1.45,0.0,1.45,0.0,238,173,75,33,0,0,0,0,0,0,0,0,0,52.8,21.1,63.4,42.2,4.7,8.4,6.4,6.2
GHCND:USC00045064,29,34.6538,-120.4513,20100115,0.08,0.23,0.59,1.56,0.0,1.56,0.0,239,173,76,33,0,0,0,0,0,0,0,0,0,52.8,21.2,63.4,42.3,4.7,8.4,6.4,6.2
GHCND:USC00045064,29,34.6538,-120.4513,20100116,0.08,0.23,0.60,1.68,0.0,1.68,0.0,240,174,76,33,0,0,0,0,0,0,0,0,0,52.9,21.2,63.5,42.3,4.7,8.4,6.5,6.2
GHCND:USC00045064,29,34.6538,-120.4513,20100117,0.08,0.23,0.60,1.79,0.0,1.79,0.0,241,174,77,33,0,0,0,0,0,0,0,0,0,52.9,21.2,63.5,42.4,4.7,8.4,6.5,6.2
GHCND:USC00045064,29,34.6538,-120.4513,20100118,0.08,0.23,0.61,1.89,0.0,1.89,0.0,242,175,77,33,0,0,0,0,0,0,0,0,0,53.0,21.2,63.6,42.4,4.8,8.4,6.5,6.2
GHCND:USC00045064,29,34.6538,-120.4513,20100119,0.08,0.23,0.61,2.00,0.0,2.00,0.0,243,175,78,34,0,0,0,0,0,0,0,0,0,53.0,21.2,63.6,42.4,4.8,8.4,6.6,6.1
GHCND:USC00045064,29,34.6538,-120.4513,20100120,0.08,0.23,0.61,2.10,0.0,2.10,0.0,244,176,79,34,0,0,0,0,0,0,0,0,0,53.1,21.2,63.7,42.5,4.8,8.4,6.6,6.1
GHCND:USC00045064,29,34.6538,-120.4513,20100121,0.08,0.23,0.62,2.21,0.0,2.21,0.0,246,176,79,34,0,0,0,0,0,0,0,0,0,53.1,21.2,63.7,42.5,4.8,8.4,6.6,6.1
GHCND:USC00045064,29,34.6538,-120.4513,20100122,0.08,0.23,0.62,2.32,0.0,2.32,0.0,248,177,80,34,0,0,0,0,0,0,0,0,0,53.1,21.2,63.7,42.6,4.8,8.4,6.6,6.1
GHCND:USC00045064,29,34.6538,-120.4513,20100123,0.08,0.23,0.62,2.43,0.0,2.43,0.0,250,177,80,35,0,0,0,0,0,0,0,0,0,53.2,21.2,63.8,42.6,4.8,8.4,6.7,6.1
GHCND:USC00045064,29,34.6538,-120.4513,20100124,0.08,0.23,0.62,2.54,0.0,2.54,0.0,251,177,81,35,0,0,0,0,0,0,0,0,0,53.2,21.2,63.8,42.6,4.8,8.4,6.7,6.1
GHCND:USC00045064,29,34.6538,-120.4513,20100125,0.07,0.23,0.62,2.64,0.0,2.64,0.0,252,178,81,35,0,0,0,0,0,0,0,0,0,53.3,21.1,63.8,42.7,4.8,8.4,6.7,6.1
GHCND:USC00045064,29,34.6538,-120.4513,20100126,0.07,0.23,0.62,2.75,0.0,2.75,0.0,254,178,80,35,0,0,0,0,0,0,0,0,0,53.3,21.1,63.9,42.7,4.8,8.4,6.7,6.1
GHCND:USC00045064,29,34.6538,-120.4513,20100127,0.07,0.22,0.61,2.86,0.0,2.86,0.0,255,178,80,35,0,0,0,0,0,0,0,0,0,53.3,21.1,63.9,42.8,4.8,8.4,6.7,6.1
GHCND:USC00045064,29,34.6538,-120.4513,20100128,0.07,0.22,0.61,2.97,0.0,2.97,0.0,256,178,80,35,0,0,0,0,0,0,0,0,0,53.4,21.1,63.9,42.8,4.9,8.4,6.8,6.1
GHCND:USC00045064,29,34.6538,-120.4513,20100129,0.07,0.22,0.62,3.09,0.0,3.09,0.0,258,179,80,35,0,0,0,0,0,0,0,0,0,53.4,21.1,63.9,42.9,4.9,8.5,6.8,6.1
GHCND:USC00045064,29,34.6538,-120.4513,20100130,0.07,0.22,0.62,3.21,0.0,3.21,0.0,259,179,80,35,0,0,0,0,0,0,0,0,0,53.4,21.0,64.0,42.9,4.9,8.5,6.8,6.1
GHCND:USC00045064,29,34.6538,-120.4513,20100131,0.07,0.22,0.61,3.33,0.0,3.33,0.0,260,179,80,35,0,0,0,0,0,0,0,0,0,53.5,21.0,64.0,43.0,4.9,8.5,6.8,6.1
GHCND:USC00045064,29,34.6538,-120.4513,20100201,0.07,0.22,0.61,0.13,0.0,3.46,0.0,262,180,80,35,0,0,0,0,0,0,0,0,0,53.5,21.0,64.0,43.0,4.9,8.5,6.9,6.1
GHCND:USC00045064,29,34.6538,-120.4513,20100202,0.07,0.22,0.61,0.25,0.0,3.58,0.0,264,181,80,36,0,0,0,0,0,0,0,0,0,53.5,20.9,64.0,43.1,4.9,8.5,6.9,6.1
GHCND:USC00045064,29,34.6538,-120.4513,20100203,0.07,0.22,0.61,0.39,0.0,3.72,0.0,266,182,80,36,0,0,0,0,0,0,0,0,0,53.6,20.9,64.0,43.1,4.9,8.5,6.9,6.0
GHCND:USC00045064,29,34.6538,-120.4513,20100204,0.07,0.22,0.61,0.51,0.0,3.84,0.0,269,184,80,36,0,0,0,0,0,0,0,0,0,53.6,20.9,64.1,43.2,4.9,8.5,6.9,6.0
GHCND:USC00045064,29,34.6538,-120.4513,20100205,0.07,0.22,0.61,0.64,0.0,3.97,0.0,271,185,81,37,0,0,0,0,0,0,0,0,0,53.7,20.8,64.1,43.3,4.9,8.6,6.9,6.0
GHCND:USC00045064,29,34.6538,-120.4513,20100206,0.07,0.22,0.61,0.77,0.0,4.10,0.0,274,187,81,37,0,0,0,0,0,0,0,0,0,53.7,20.8,64.1,43.3,4.9,8.6,6.9,6.0
GHCND:USC00045064,29,34.6538,-120.4513,20100207,0.07,0.22,0.61,0.90,0.0,4.23,0.0,277,189,81,37,0,0,0,0,0,0,0,0,0,53.7,20.7,64.1,43.4,4.9,8.6,7.0,6.0
GHCND:USC00045064,29,34.6538,-120.4513,20100208,0.07,0.22,0.60,1.03,0.0,4.36,0.0,280,190,82,37,0,0,0,0,0,0,0,0,0,53.8,20.7,64.1,43.5,4.8,8.6,7.0,6.0
GHCND:USC00045064,29,34.6538,-120.4513,20100209,0.07,0.22,0.60,1.16,0.0,4.49,0.0,282,192,82,38,0,0,0,0,0,0,0,0,0,53.8,20.6,64.1,43.5,4.8,8.6,7.0,5.9
GHCND:USC00045064,29,34.6538,-120.4513,20100210,0.07,0.22,0.60,1.28,0.0,4.61,0.0,284,192,82,38,0,0,0,0,0,0,0,0,0,53.9,20.6,64.2,43.6,4.8,8.6,7.0,5.9
GHCND:USC00045064,29,34.65361,-120.45111,20100211,0.06,0.22,0.61,1.41,0.0,4.74,0.0,285,193,83,38,0,0,0,0,0,0,0,0,0,53.9,20.5,64.2,43.7,4.8,8.6,7.0,5.9
GHCND:USC00045064,29,34.65361,-120.45111,20100212,0.06,0.22,0.61,1.53,0.0,4.86,0.0,286,193,83,39,0,0,0,0,0,0,0,0,0,54.0,20.4,64.2,43.8,4.8,8.6,6.9,5.9
GHCND:USC00045064,29,34.65361,-120.45111,20100213,0.06,0.22,0.61,1.66,0.0,4.99,0.0,287,194,83,39,0,0,0,0,0,0,0,0,0,54.0,20.4,64.2,43.8,4.8,8.5,6.9,5.9
GHCND:USC00045064,29,34.65361,-120.45111,20100214,0.06,0.22,0.61,1.79,0.0,5.12,0.0,287,194,83,39,0,0,0,0,0,0,0,0,0,54.1,20.3,64.3,43.9,4.8,8.5,6.9,5.9
GHCND:USC00045064,29,34.65361,-120.45111,20100215,0.06,0.22,0.60,1.92,0.0,5.25,0.0,288,194,82,39,0,0,0,0,0,0,0,0,0,54.1,20.3,64.3,44.0,4.7,8.5,6.9,5.9
GHCND:USC00045064,29,34.65361,-120.45111,20100216,0.06,0.22,0.60,2.05,0.0,5.38,0.0,288,194,82,39,0,0,0,0,0,0,0,0,0,54.2,20.2,64.3,44.1,4.7,8.5,6.8,5.8
GHCND:USC00045064,29,34.65361,-120.45111,20100217,0.06,0.22,0.59,2.18,0.0,5.51,0.0,288,194,81,38,0,0,0,0,0,0,0,0,0,54.3,20.2,64.3,44.2,4.7,8.5,6.8,5.8
GHCND:USC00045064,29,34.65361,-120.45111,20100218,0.06,0.22,0.59,2.31,0.0,5.64,0.0,288,194,81,38,0,0,0,0,0,0,0,0,0,54.3,20.1,64.4,44.3,4.7,8.4,6.8,5.8
GHCND:USC00045064,29,34.65361,-120.45111,20100219,0.06,0.22,0.59,2.44,0.0,5.77,0.0,288,194,80,38,0,0,0,0,0,0,0,0,0,54.4,20.0,64.4,44.3,4.7,8.4,6.8,5.8
GHCND:USC00045064,29,34.65361,-120.45111,20100220,0.06,0.22,0.58,2.58,0.0,5.91,0.0,288,194,80,38,0,0,0,0,0,0,0,0,0,54.4,20.0,64.4,44.4,4.6,8.4,6.7,5.8
GHCND:USC00045064,29,34.65361,-120.45111,20100221,0.06,0.22,0.58,2.71,0.0,6.04,0.0,287,194,79,38,0,0,0,0,0,0,0,0,0,54.5,19.9,64.5,44.5,4.6,8.3,6.7,5.8
GHCND:USC00045064,29,34.65361,-120.45111,20100222,0.06,0.22,0.58,2.84,0.0,6.17,0.0,286,194,79,37,0,0,0,0,0,0,0,0,0,54.5,19.9,64.5,44.6,4.6,8.3,6.7,5.7
GHCND:USC00045064,29,34.65361,-120.45111,20100223,0.06,0.22,0.58,2.97,0.0,6.30,0.0,286,194,79,37,0,0,0,0,0,0,0,0,0,54.6,19.8,64.5,44.7,4.6,8.3,6.6,5.7
GHCND:USC00045064,29,34.65361,-120.45111,20100224,0.06,0.22,0.58,3.10,0.0,6.43,0.0,285,193,79,37,0,0,0,0,0,0,0,0,0,54.7,19.8,64.6,44.8,4.6,8.2,6.6,5.7
GHCND:USC00045064,29,34.65361,-120.45111,20100225,0.06,0.22,0.57,3.23,0.0,6.56,0.0,284,193,78,37,0,0,0,0,0,0,0,0,0,54.7,19.7,64.6,44.9,4.6,8.2,6.6,5.6
GHCND:USC00045064,29,34.65361,-120.45111,20100226,0.06,0.22,0.57,3.35,0.0,6.68,0.0,283,192,78,36,0,0,0,0,0,0,0,0,0,54.8,19.7,64.6,44.9,4.5,8.2,6.6,5.6
GHCND:USC00045064,29,34.65361,-120.45111,20100227,0.06,0.22,0.57,3.47,0.0,6.80,0.0,283,191,78,36,0,0,0,0,0,0,0,0,0,54.9,19.7,64.7,45.0,4.5,8.1,6.6,5.6
GHCND:USC00045064,29,34.65361,-120.45111,20100228,0.06,0.22,0.56,3.59,0.0,6.92,0.0,281,191,78,36,0,0,0,0,0,0,0,0,0,54.9,19.6,64.7,45.1,4.5,8.1,6.6,5.5
GHCND:USC00045064,29,34.65361,-120.45111,20100301,0.06,0.22,0.56,0.12,0.0,7.04,0.0,279,188,76,35,0,0,0,0,0,0,0,0,0,55.0,19.6,64.8,45.2,4.5,8.0,6.6,5.5
GHCND:USC00045064,29,34.65361,-120.45111,20100302,0.06,0.22,0.55,0.23,0.0,7.15,0.0,277,186,75,35,0,0,0,0,0,0,0,0,0,55.0,19.6,64.8,45.2,4.5,8.0,6.6,5.5
GHCND:USC00045064,29,34.65361,-120.45111,20100303,0.06,0.22,0.55,0.35,0.0,7.27,0.0,274,184,75,34,0,0,0,0,0,0,0,0,0,55.1,19.6,64.9,45.3,4.5,8.0,6.5,5.4
GHCND:USC00045064,29,34.65361,-120.45111,20100304,0.06,0.21,0.55,0.46,0.0,7.38,0.0,271,182,74,34,0,0,0,0,0,0,0,0,0,55.2,19.5,64.9,45.4,4.5,7.9,6.5,5.4
GHCND:USC00045064,29,34.65361,-120.45111,20100305,0.06,0.21,0.54,0.58,0.0,7.50,0.0,268,180,73,33,0,0,0,0,0,0,0,0,0,55.2,19.5,65.0,45.4,4.5,7.9,6.5,5.4
GHCND:USC00045064,29,34.65361,-120.45111,20100306,0.06,0.21,0.54,0.69,0.0,7.61,0.0,265,177,72,32,0,0,0,0,0,0,0,0,0,55.3,19.5,65.0,45.5,4.5,7.8,6.5,5.4
GHCND:USC00045064,29,34.65361,-120.45111,20100307,0.06,0.21,0.54,0.80,0.0,7.72,0.0,261,174,71,31,0,0,0,0,0,0,0,0,0,55.3,19.5,65.1,45.6,4.5,7.8,6.5,5.3
GHCND:USC00045064,29,34.65361,-120.45111,20100308,0.06,0.21,0.54,0.91,0.0,7.83,0.0,257,171,70,31,0,0,0,0,0,0,0,0,0,55.4,19.5,65.1,45.6,4.5,7.7,6.4,5.3
GHCND:USC00045064,29,34.65361,-120.45111,20100309,0.06,0.20,0.53,1.02,0.0,7.94,0.0,254,168,69,30,0,0,0,0,0,0,0,0,0,55.4,19.5,65.2,45.7,4.5,7.7,6.4,5.3
GHCND:USC00045064,29,34.65361,-120.45111,20100310,0.06,0.20,0.53,1.13,0.0,8.05,0.0,251,166,67,29,0,0,0,0,0,0,0,0,0,55.5,19.5,65.3,45.7,4.4,7.7,6.4,5.2
GHCND:USC00045064,29,34.65361,-120.45111,20100311,0.06,0.20,0.53,1.24,0.0,8.16,0.0,247,163,66,28,0,0,0,0,0,0,0,0,0,55.5,19.6,65.3,45.7,4.4,7.6,6.4,5.2
GHCND:USC00045064,29,34.65361,-120.45111,20100312,0.05,0.20,0.52,1.35,0.0,8.27,0.0,244,160,65,28,0,0,0,0,0,0,0,0,0,55.6,19.6,65.4,45.8,4.4,7.6,6.4,5.2
GHCND:USC00045064,29,34.65361,-120.45111,20100313,0.05,0.19,0.52,1.45,0.0,8.37,0.0,241,158,64,27,0,0,0,0,0,0,0,0,0,55.6,19.6,65.4,45.8,4.4,7.6,6.4,5.2
GHCND:USC00045064,29,34.65361,-120.45111,20100314,0.05,0.19,0.52,1.56,0.0,8.48,0.0,238,155,63,26,0,0,0,0,0,0,0,0,0,55.7,19.6,65.5,45.9,4.5,7.6,6.4,5.1
GHCND:USC00045064,29,34.65361,-120.45111,20100315,0.05,0.19,0.52,1.66,0.0,8.58,0.0,234,152,62,26,0,0,0,0,0,0,0,0,0,55.7,19.7,65.5,45.9,4.5,7.5,6.5,5.1
GHCND:USC00045064,29,34.65361,-120.45111,20100316,0.05,0.19,0.52,1.75,0.0,8.67,0.0,231,149,61,25,0,0,0,0,0,0,0,0,0,55.8,19.7,65.6,45.9,4.5,7.5,6.5,5.1
GHCND:USC00045064,29,34.65361,-120.45111,20100317,0.05,0.18,0.51,1.85,0.0,8.77,0.0,228,147,60,25,0,0,0,0,0,0,0,0,0,55.8,19.7,65.7,45.9,4.5,7.5,6.5,5.1
GHCND:USC00045064,29,34.65361,-120.45111,20100318,0.05,0.18,0.51,1.94,0.0,8.86,0.0,225,144,59,24,0,0,0,0,0,0,0,0,0,55.8,19.8,65.7,45.9,4.5,7.5,6.6,5.0
GHCND:USC00045064,29,34.65361,-120.45111,20100319,0.05,0.18,0.51,2.03,0.0,8.95,0.0,222,141,58,23,0,0,0,0,0,0,0,0,0,55.9,19.8,65.8,46.0,4.5,7.5,6.6,5.0
GHCND:USC00045064,29,34.65361,-120.45111,20100320,0.05,0.17,0.50,2.11,0.0,9.03,0.0,219,138,57,22,0,0,0,0,0,0,0,0,0,55.9,19.9,65.8,46.0,4.5,7.5,6.7,5.0
GHCND:USC00045064,29,34.65361,-120.45111,20100321,0.05,0.17,0.50,2.19,0.0,9.11,0.0,216,135,56,22,0,0,0,0,0,0,0,0,0,55.9,19.9,65.9,46.0,4.6,7.5,6.7,5.0
GHCND:USC00045064,29,34.65361,-120.45111,20100322,0.05,0.16,0.49,2.26,0.0,9.18,0.0,212,132,55,21,0,0,0,0,0,0,0,0,0,56.0,19.9,65.9,46.0,4.6,7.5,6.8,4.9
GHCND:USC00045064,29,34.65361,-120.45111,20100323,0.05,0.16,0.49,2.34,0.0,9.26,0.0,209,129,53,20,0,0,0,0,0,0,0,0,0,56.0,20.0,66.0,46.0,4.6,7.5,6.8,4.9
GHCND:USC00045064,29,34.65361,-120.45111,20100324,0.05,0.16,0.48,2.41,0.0,9.33,0.0,206,127,52,20,0,0,0,0,0,0,0,0,0,56.0,20.0,66.1,46.0,4.6,7.6,6.9,4.9
GHCND:USC00045064,29,34.65361,-120.45111,20100325,0.05,0.16,0.48,2.49,0.0,9.41,0.0,203,124,50,19,0,0,0,0,0,0,0,0,0,56.1,20.1,66.1,46.0,4.6,7.6,6.9,4.9
GHCND:USC00045064,29,34.65361,-120.45111,20100326,0.05,0.15,0.47,2.55,0.0,9.47,0.0,199,121,49,18,0,0,0,0,0,0,0,0,0,56.1,20.1,66.2,46.0,4.7,7.6,6.9,4.9
GHCND:USC00045064,29,34.65361,-120.45111,20100327,0.05,0.15,0.46,2.62,0.0,9.54,0.0,196,118,47,18,0,0,0,0,0,0,0,0,0,56.1,20.2,66.2,46.0,4.7,7.6,7.0,4.8
GHCND:USC00045064,29,34.65361,-120.45111,20100328,0.05,0.15,0.45,2.69,0.0,9.61,0.0,192,115,46,17,0,0,0,0,0,0,0,0,0,56.2,20.2,66.3,46.1,4.7,7.5,7.0,4.8
GHCND:USC00045064,29,34.65361,-120.45111,20100329,0.05,0.14,0.44,2.76,0.0,9.68,0.0,189,112,44,16,0,0,0,0,0,0,0,0,0,56.2,20.3,66.3,46.1,4.7,7.5,7.0,4.8
GHCND:USC00045064,29,34.65361,-120.45111,20100330,0.04,0.14,0.44,2.82,0.0,9.74,0.0,185,109,42,15,0,0,0,0,0,0,0,0,0,56.2,20.3,66.4,46.1,4.7,7.5,7.0,4.8
GHCND:USC00045064,29,34.65361,-120.45111,20100331,0.04,0.14,0.43,2.88,0.0,9.80,0.0,182,107,41,15,0,0,0,0,0,0,0,0,0,56.3,20.3,66.4,46.1,4.7,7.5,7.0,4.8
GHCND:USC00045064,29,34.65361,-120.45111,20100401,0.04,0.13,0.42,0.05,0.0,9.85,0.0,179,104,40,14,0,0,0,0,0,0,0,0,0,56.3,20.4,66.5,46.1,4.7,7.5,7.0,4.8
GHCND:USC00045064,29,34.65361,-120.45111,20100402,0.04,0.13,0.41,0.10,0.0,9.90,0.0,176,102,38,13,0,0,0,0,0,0,0,0,0,56.3,20.4,66.5,46.1,4.7,7.5,7.1,4.7
GHCND:USC00045064,29,34.65361,-120.45111,20100403,0.04,0.13,0.41,0.15,0.0,9.95,0.0,173,100,37,13,0,0,0,0,0,0,0,0,0,56.4,20.4,66.6,46.2,4.7,7.6,7.1,4.7
GHCND:USC00045064,29,34.65361,-120.45111,20100404,0.04,0.13,0.40,0.20,0.0,10.00,0.0,170,98,35,12,0,0,0,0,0,0,0,0,0,56.4,20.5,66.6,46.2,4.7,7.6,7.1,4.7
GHCND:USC00045064,29,34.65361,-120.45111,20100405,0.04,0.13,0.39,0.24,0.0,10.04,0.0,167,96,34,12,0,0,0,0,0,0,0,0,0,56.5,20.5,66.7,46.2,4.7,7.6,7.1,4.7
GHCND:USC00045064,29,34.65361,-120.45111,20100406,0.04,0.13,0.38,0.29,0.0,10.09,0.0,165,94,33,11,0,0,0,0,0,0,0,0,0,56.5,20.5,66.7,46.3,4.7,7.6,7.2,4.7
GHCND:USC00045064,29,34.65361,-120.45111,20100407,0.04,0.13,0.38,0.33,0.0,10.13,0.0,162,92,32,11,0,0,0,0,0,0,0,0,0,56.5,20.5,66.8,46.3,4.7,7.6,7.2,4.6
GHCND:USC00045064,29,34.65361,-120.45111,20100408,0.04,0.13,0.37,0.37,0.0,10.17,0.0,159,90,31,11,0,0,0,0,0,0,0,0,0,56.6,20.5,66.8,46.3,4.7,7.6,7.2,4.6
GHCND:USC00045064,29,34.65361,-120.45111,20100409,0.04,0.12,0.37,0.41,0.0,10.21,0.0,156,88,30,10,0,0,0,0,0,0,0,0,0,56.6,20.5,66.9,46.4,4.7,7.6,7.3,4.6
GHCND:USC00045064,29,34.65361,-120.45111,20100410,0.04,0.12,0.36,0.45,0.0,10.25,0.0,153,87,29,10,0,0,0,0,0,0,0,0,0,56.7,20.5,66.9,46.4,4.7,7.7,7.3,4.6
GHCND:USC00045064,29,34.65361,-120.45111,20100411,0.04,0.12,0.36,0.48,0.0,10.28,0.0,150,85,28,9,0,0,0,0,0,0,0,0,0,56.7,20.5,67.0,46.5,4.7,7.7,7.3,4.6
GHCND:USC00045064,29,34.65361,-120.45111,20100412,0.04,0.12,0.35,0.52,0.0,10.32,0.0,147,84,27,9,0,0,0,0,0,0,0,0,0,56.8,20.4,67.0,46.6,4.7,7.7,7.4,4.5
GHCND:USC00045064,29,34.65361,-120.45111,20100413,0.04,0.12,0.34,0.55,0.0,10.35,0.0,144,82,25,9,0,0,0,0,0,0,0,0,0,56.8,20.4,67.0,46.6,4.7,7.7,7.4,4.5
GHCND:USC00045064,29,34.65361,-120.45111,20100414,0.04,0.12,0.34,0.58,0.0,10.38,0.0,141,81,24,8,0,0,0,0,0,0,0,0,0,56.9,20.4,67.1,46.7,4.7,7.7,7.4,4.5
GHCND:USC00045064,29,34.65361,-120.45111,20100415,0.04,0.12,0.33,0.62,0.0,10.42,0.0,138,79,23,8,0,0,0,0,0,0,0,0,0,57.0,20.3,67.1,46.8,4.7,7.8,7.4,4.5
GHCND:USC00045064,29,34.65361,-120.45111,20100416,0.04,0.12,0.33,0.65,0.0,10.45,0.0,135,77,22,7,0,0,0,0,0,0,0,0,0,57.0,20.3,67.2,46.9,4.7,7.8,7.4,4.5
GHCND:USC00045064,29,34.65361,-120.45111,20100417,0.04,0.12,0.32,0.68,0.0,10.48,0.0,132,76,21,7,0,0,0,0,0,0,0,0,0,57.1,20.2,67.2,47.0,4.6,7.8,7.3,4.4
GHCND:USC00045064,29,34.65361,-120.45111,20100418,0.04,0.12,0.32,0.71,0.0,10.51,0.0,129,74,20,7,0,0,0,0,0,0,0,0,0,57.1,20.2,67.2,47.1,4.6,7.8,7.3,4.4
GHCND:USC00045064,29,34.65361,-120.45111,20100419,0.04,0.12,0.31,0.74,0.0,10.54,0.0,125,72,19,6,0,0,0,0,0,0,0,0,0,57.2,20.1,67.3,47.2,4.6,7.8,7.3,4.4
GHCND:USC00045064,29,34.65361,-120.45111,20100420,0.04,0.12,0.31,0.76,0.0,10.56,0.0,122,70,18,6,0,0,0,0,0,0,0,0,0,57.3,20.0,67.3,47.3,4.6,7.8,7.3,4.4
GHCND:USC00045064,29,34.65361,-120.45111,20100421,0.04,0.12,0.31,0.79,0.0,10.59,0.0,119,68,17,6,0,0,0,0,0,0,0,0,0,57.3,20.0,67.3,47.4,4.6,7.8,7.3,4.4
GHCND:USC00045064,29,34.65361,-120.45111,20100422,0.04,0.12,0.31,0.82,0.0,10.62,0.0,115,66,16,5,0,0,0,0,0,0,0,0,0,57.4,19.9,67.4,47.5,4.5,7.8,7.2,4.4
GHCND:USC00045064,29,34.65361,-120.45111,20100423,0.04,0.12,0.30,0.85,0.0,10.65,0.0,112,64,16,5,0,0,0,0,0,0,0,0,0,57.5,19.8,67.4,47.6,4.5,7.7,7.2,4.4
GHCND:USC00045064,29,34.65361,-120.45111,20100424,0.04,0.12,0.30,0.87,0.0,10.67,0.0,108,62,15,5,0,0,0,0,0,0,0,0,0,57.6,19.7,67.4,47.7,4.4,7.7,7.1,4.4
GHCND:USC00045064,29,34.65361,-120.45111,20100425,0.04,0.12,0.30,0.90,0.0,10.70,0.0,105,61,14,4,0,0,0,0,0,0,0,0,0,57.6,19.6,67.4,47.8,4.4,7.7,7.1,4.3
GHCND:USC00045064,29,34.65361,-120.45111,20100426,0.04,0.13,0.31,0.93,0.0,10.73,0.0,102,59,14,4,0,0,0,0,0,0,0,0,0,57.7,19.5,67.5,47.9,4.4,7.7,7.0,4.3
GHCND:USC00045064,29,34.65361,-120.45111,20100427,0.04,0.13,0.31,0.95,0.0,10.75,0.0,99,57,13,4,0,0,0,0,0,0,0,0,0,57.8,19.4,67.5,48.1,4.3,7.7,7.0,4.3
GHCND:USC00045064,29,34.65361,-120.45111,20100428,-6.66,-6.66,-6.66,0.97,0.0,10.77,0.0,96,55,13,4,0,0,0,0,0,0,0,0,0,57.9,19.3,67.5,48.2,4.3,7.7,6.9,4.3
GHCND:USC00045064,29,34.65361,-120.45111,20100429,-6.66,-6.66,-6.66,0.99,0.0,10.79,0.0,92,53,12,4,0,0,0,0,0,0,0,0,0,57.9,19.2,67.5,48.3,4.3,7.6,6.9,4.3
GHCND:USC00045064,29,34.65361,-120.45111,20100430,-6.66,-6.66,-6.66,1.01,0.0,10.81,0.0,89,51,12,3,0,0,0,0,0,0,0,0,0,58.0,19.1,67.6,48.5,4.2,7.6,6.8,4.3
GHCND:USC00045064,29,34.65361,-120.45111,20100501,-6.66,-6.66,-6.66,0.02,0.0,10.83,0.0,87,50,11,3,0,0,0,0,0,0,0,0,0,58.1,19.0,67.6,48.6,4.2,7.6,6.8,4.2
GHCND:USC00045064,29,34.65361,-120.45111,20100502,-6.66,-6.66,-6.66,0.04,0.0,10.85,0.0,84,48,11,3,0,0,0,0,0,0,0,0,0,58.2,18.9,67.6,48.7,4.2,7.5,6.8,4.2
GHCND:USC00045064,29,34.65361,-120.45111,20100503,-6.66,-6.66,-6.66,0.06,0.0,10.87,0.0,81,46,11,3,0,0,0,0,0,0,0,0,0,58.2,18.8,67.6,48.8,4.1,7.5,6.7,4.2
GHCND:USC00045064,29,34.65361,-120.45111,20100504,-6.66,-6.66,-6.66,0.07,0.0,10.88,0.0,78,44,10,3,0,0,0,0,0,0,0,0,0,58.3,18.7,67.6,49.0,4.1,7.4,6.7,4.2
GHCND:USC00045064,29,34.65361,-120.45111,20100505,-6.66,-6.66,-6.66,0.08,0.0,10.89,0.0,76,43,10,3,0,0,0,0,0,0,0,0,0,58.4,18.6,67.7,49.1,4.1,7.4,6.6,4.2
GHCND:USC00045064,29,34.65361,-120.45111,20100506,-6.66,-6.66,-6.66,0.09,0.0,10.90,0.0,73,41,9,2,0,0,0,0,0,0,0,0,0,58.5,18.5,67.7,49.2,4.0,7.3,6.5,4.1
GHCND:USC00045064,29,34.65361,-120.45111,20100507,-6.66,-6.66,-6.66,0.10,0.0,10.91,0.0,71,39,9,2,0,0,0,0,0,0,0,0,0,58.5,18.4,67.7,49.4,4.0,7.3,6.5,4.1
GHCND:USC00045064,29,34.65361,-120.45111,20100508,-6.66,-6.66,-6.66,0.12,0.0,10.93,0.0,68,37,8,2,0,0,0,0,0,0,0,0,0,58.6,18.3,67.7,49.5,3.9,7.3,6.4,4.1
GHCND:USC00045064,29,34.65361,-120.45111,20100509,-6.66,-6.66,-6.66,0.13,0.0,10.94,0.0,66,35,7,2,0,0,0,0,0,0,0,0,0,58.7,18.2,67.7,49.6,3.9,7.2,6.4,4.1
GHCND:USC00045064,29,34.65361,-120.45111,20100510,-6.66,-6.66,-6.66,0.14,0.0,10.95,0.0,63,33,7,2,0,0,0,0,0,0,0,0,0,58.7,18.1,67.8,49.7,3.9,7.2,6.3,4.1
GHCND:USC00045064,29,34.65361,-120.45111,20100511,-6.66,-6.66,-6.66,0.15,0.0,10.96,0.0,61,32,7,2,0,0,0,0,0,0,0,0,0,58.8,18.0,67.8,49.8,3.8,7.1,6.2,4.0
GHCND:USC00045064,29,34.65361,-120.45111,20100512,-6.66,-6.66,-6.66,0.16,0.0,10.97,0.0,59,30,6,1,0,0,0,0,0,0,0,0,0,58.9,17.9,67.8,50.0,3.8,7.1,6.2,4.0
GHCND:USC00045064,29,34.65361,-120.45111,20100513,-6.66,-6.66,-6.66,0.17,0.0,10.98,0.0,57,28,6,1,0,0,0,0,0,0,0,0,0,59.0,17.8,67.8,50.1,3.8,7.0,6.1,4.0
GHCND:USC00045064,29,34.65361,-120.45111,20100514,-6.66,-6.66,-6.66,0.18,0.0,10.99,0.0,55,27,5,1,0,0,0,0,0,0,0,0,0,59.0,17.7,67.9,50.2,3.8,7.0,6.1,4.0
GHCND:USC00045064,29,34.65361,-120.45111,20100515,-6.66,-6.66,-6.66,0.19,0.0,11.00,0.0,53,25,5,1,0,0,0,0,0,0,0,0,0,59.1,17.6,67.9,50.3,3.7,6.9,6.1,4.0
GHCND:USC00045064,29,34.65361,-120.45111,20100516,-6.66,-6.66,-6.66,0.20,0.0,11.01,0.0,51,24,5,1,0,0,0,0,0,0,0,0,0,59.2,17.5,67.9,50.4,3.7,6.9,6.0,3.9
GHCND:USC00045064,29,34.65361,-120.45111,20100517,-6.66,-6.66,-6.66,0.20,0.0,11.01,0.0,49,22,4,1,0,0,0,0,0,0,0,0,0,59.2,17.5,68.0,50.5,3.7,6.8,6.0,3.9
GHCND:USC00045064,29,34.65361,-120.45111,20100518,-6.66,-6.66,-6.66,0.21,0.0,11.02,0.0,48,21,4,1,0,0,0,0,0,0,0,0,0,59.3,17.4,68.0,50.6,3.6,6.8,5.9,3.9
GHCND:USC00045064,29,34.65361,-120.45111,20100519,-6.66,-6.66,-6.66,0.22,0.0,11.03,0.0,46,20,4,1,0,0,0,0,0,0,0,0,0,59.4,17.3,68.0,50.7,3.6,6.8,5.9,3.9
GHCND:USC00045064,29,34.65361,-120.45111,20100520,-6.66,-6.66,-6.66,0.23,0.0,11.04,0.0,45,19,4,1,0,0,0,0,0,0,0,0,0,59.4,17.3,68.1,50.8,3.6,6.7,5.8,3.8
GHCND:USC00045064,29,34.65361,-120.45111,20100521,-6.66,-6.66,-6.66,0.23,0.0,11.04,0.0,44,18,4,1,0,0,0,0,0,0,0,0,0,59.5,17.2,68.1,50.9,3.5,6.7,5.8,3.8
GHCND:USC00045064,29,34.65361,-120.45111,20100522,-6.66,-6.66,-6.66,0.24,0.0,11.05,0.0,43,17,3,1,0,0,0,0,0,0,0,0,0,59.6,17.2,68.1,51.0,3.5,6.6,5.8,3.8
GHCND:USC00045064,29,34.65361,-120.45111,20100523,-6.66,-6.66,-6.66,0.25,0.0,11.06,0.0,42,16,3,1,0,0,0,0,0,0,0,0,0,59.6,17.1,68.2,51.1,3.5,6.6,5.7,3.7
GHCND:USC00045064,29,34.65361,-120.45111,20100524,-6.66,-6.66,-6.66,0.25,0.0,11.06,0.0,41,15,3,1,0,0,0,0,0,0,0,0,0,59.7,17.1,68.2,51.2,3.5,6.6,5.7,3.7
GHCND:USC00045064,29,34.65361,-120.45111,20100525,-6.66,-6.66,-6.66,0.26,0.0,11.07,0.0,40,15,3,1,0,0,0,0,0,0,0,0,0,59.8,17.1,68.3,51.2,3.4,6.5,5.7,3.7
GHCND:USC00045064,29,34.65361,-120.45111,20100526,-6.66,-6.66,-6.66,0.27,0.0,11.08,0.0,39,14,3,1,0,0,0,0,0,0,0,0,0,59.8,17.0,68.4,51.3,3.4,6.5,5.7,3.6
GHCND:USC00045064,29,34.65361,-120.45111,20100527,-6.66,-6.66,-6.66,0.27,0.0,11.08,0.0,38,13,2,1,0,0,0,0,0,0,0,0,0,59.9,17.0,68.4,51.4,3.4,6.5,5.6,3.6
GHCND:USC00045064,29,34.65361,-120.45111,20100528,-6.66,-6.66,-6.66,0.28,0.0,11.09,0.0,37,13,2,1,0,0,0,0,0,0,0,0,0,60.0,17.0,68.5,51.5,3.4,6.5,5.6,3.5
GHCND:USC00045064,29,34.65361,-120.45111,20100529,-6.66,-6.66,-6.66,0.28,0.0,11.09,0.0,35,12,2,1,0,0,0,0,0,0,0,0,0,60.1,17.0,68.5,51.6,3.4,6.5,5.6,3.5
GHCND:USC00045064,29,34.65361,-120.45111,20100530,-6.66,-6.66,-6.66,0.29,0.0,11.10,0.0,34,11,2,1,0,0,0,0,0,0,0,0,0,60.1,17.0,68.6,51.6,3.3,6.5,5.6,3.5
GHCND:USC00045064,29,34.65361,-120.45111,20100531,-6.66,-6.66,-6.66,0.29,0.0,11.10,0.0,33,11,2,1,0,0,0,0,0,0,0,0,0,60.2,17.0,68.7,51.7,3.3,6.5,5.6,3.5
GHCND:USC00045064,29,34.65361,-120.45111,20100601,-6.66,-6.66,-6.66,0.00,0.0,11.10,0.0,32,10,-9999,-9999,0,0,0,0,0,0,0,0,0,60.3,17.0,68.8,51.8,3.3,6.5,5.6,3.4
GHCND:USC00045064,29,34.65361,-120.45111,20100602,-6.66,-6.66,-6.66,0.01,0.0,11.11,0.0,32,9,-9999,-9999,0,0,0,0,0,0,0,0,0,60.4,17.0,68.9,51.9,3.3,6.5,5.6,3.4
GHCND:USC00045064,29,34.65361,-120.45111,20100603,-6.66,-6.66,-6.66,0.01,0.0,11.11,0.0,31,9,-9999,-9999,0,0,0,0,0,0,0,0,0,60.4,17.0,68.9,51.9,3.3,6.5,5.6,3.4
GHCND:USC00045064,29,34.65361,-120.45111,20100604,-6.66,-6.66,-6.66,0.01,0.0,11.11,0.0,30,8,-9999,-9999,0,0,0,0,0,0,0,0,0,60.5,17.0,69.0,52.0,3.3,6.5,5.6,3.4
GHCND:USC00045064,29,34.65361,-120.45111,20100605,-6.66,-6.66,-6.66,0.01,0.0,11.11,0.0,29,8,-9999,-9999,0,0,0,0,0,0,0,0,0,60.6,17.0,69.1,52.1,3.3,6.5,5.6,3.4
GHCND:USC00045064,29,34.65361,-120.45111,20100606,-6.66,-6.66,-6.66,0.02,0.0,11.12,0.0,28,8,-9999,-9999,0,0,0,0,0,0,0,0,0,60.7,17.0,69.2,52.2,3.3,6.5,5.6,3.3
GHCND:USC00045064,29,34.65361,-120.45111,20100607,-6.66,-6.66,-6.66,0.02,0.0,11.12,0.0,28,7,-9999,-9999,0,0,0,0,0,0,0,0,0,60.8,17.1,69.3,52.2,3.3,6.5,5.6,3.3
GHCND:USC00045064,29,34.65361,-120.45111,20100608,-6.66,-6.66,-6.66,0.02,0.0,11.12,0.0,27,7,-9999,-9999,0,0,0,0,0,0,0,0,0,60.9,17.1,69.4,52.3,3.3,6.5,5.6,3.3
GHCND:USC00045064,29,34.65361,-120.45111,20100609,-6.66,-6.66,-6.66,0.02,0.0,11.12,0.0,26,6,-9999,0,0,0,0,0,0,0,0,0,0,61.0,17.1,69.5,52.4,3.3,6.5,5.6,3.3
GHCND:USC00045064,29,34.65361,-120.45111,20100610,-6.66,-6.66,-6.66,0.02,0.0,11.12,0.0,25,6,-9999,0,0,0,0,0,0,0,0,0,0,61.0,17.1,69.6,52.5,3.3,6.5,5.6,3.3
GHCND:USC00045064,29,34.65361,-120.45111,20100611,-6.66,-6.66,-6.66,0.02,0.0,11.12,0.0,24,5,0,0,0,0,0,0,0,0,0,0,0,61.1,17.1,69.7,52.6,3.2,6.4,5.6,3.3
GHCND:USC00045064,29,34.65361,-120.45111,20100612,-6.66,-6.66,-6.66,0.03,0.0,11.13,0.0,24,5,0,0,0,0,0,0,0,0,0,0,0,61.2,17.2,69.8,52.7,3.2,6.4,5.6,3.2
GHCND:USC00045064,29,34.65361,-120.45111,20100613,-6.66,-6.66,-6.66,0.03,0.0,11.13,0.0,23,5,0,0,0,0,0,0,0,0,0,0,0,61.3,17.2,69.9,52.7,3.2,6.4,5.6,3.2
GHCND:USC00045064,29,34.65361,-120.45111,20100614,-6.66,-6.66,-6.66,0.03,0.0,11.13,0.0,22,5,0,0,0,0,0,0,0,0,0,0,0,61.4,17.2,70.0,52.8,3.2,6.4,5.6,3.2
GHCND:USC00045064,29,34.65361,-120.45111,20100615,-6.66,-6.66,-6.66,0.03,0.0,11.13,0.0,22,5,0,0,0,0,0,0,0,0,0,0,0,61.5,17.2,70.1,52.9,3.2,6.4,5.5,3.2
GHCND:USC00045064,29,34.65361,-120.45111,20100616,-6.66,-6.66,-6.66,0.03,0.0,11.13,0.0,21,4,0,0,0,0,0,0,0,0,0,0,0,61.6,17.3,70.3,53.0,3.2,6.3,5.5,3.2
GHCND:USC00045064,29,34.65361,-120.45111,20100617,-6.66,-6.66,-6.66,0.03,0.0,11.13,0.0,21,4,0,0,0,0,0,0,0,0,0,0,0,61.7,17.3,70.4,53.1,3.2,6.3,5.5,3.1
GHCND:USC00045064,29,34.65361,-120.45111,20100618,-6.66,-6.66,-6.66,0.03,0.0,11.13,0.0,20,4,0,0,0,0,0,0,0,0,0,0,0,61.8,17.3,70.5,53.2,3.2,6.3,5.5,3.1
GHCND:USC00045064,29,34.65361,-120.45111,20100619,-6.66,-6.66,-6.66,0.03,0.0,11.13,0.0,20,4,0,0,0,0,0,0,0,0,0,0,0,61.9,17.3,70.6,53.3,3.1,6.2,5.5,3.1
GHCND:USC00045064,29,34.65361,-120.45111,20100620,-6.66,-6.66,-6.66,0.03,0.0,11.13,0.0,20,3,0,0,0,0,0,0,0,0,0,0,0,62.0,17.3,70.7,53.4,3.1,6.2,5.4,3.1
GHCND:USC00045064,29,34.65361,-120.45111,20100621,-6.66,-6.66,-6.66,0.03,0.0,11.13,0.0,19,3,0,0,0,0,0,0,0,0,0,0,0,62.1,17.3,70.8,53.5,3.1,6.2,5.4,3.1
GHCND:USC00045064,29,34.65361,-120.45111,20100622,-6.66,-6.66,-6.66,0.03,0.0,11.13,0.0,19,3,0,0,0,0,0,0,0,0,0,0,0,62.2,17.3,70.9,53.6,3.1,6.2,5.4,3.1
GHCND:USC00045064,29,34.65361,-120.45111,20100623,-6.66,-6.66,-6.66,0.03,0.0,11.13,0.0,19,3,0,0,0,0,0,0,0,0,0,0,0,62.3,17.3,71.0,53.7,3.1,6.1,5.4,3.1
GHCND:USC00045064,29,34.65361,-120.45111,20100624,-6.66,-6.66,-6.66,0.04,0.0,11.14,0.0,18,2,0,0,0,0,0,0,0,0,0,0,0,62.4,17.3,71.1,53.8,3.1,6.1,5.4,3.1
GHCND:USC00045064,29,34.65361,-120.45111,20100625,-6.66,-6.66,-6.66,0.04,0.0,11.14,0.0,18,2,0,0,0,0,0,0,0,0,0,0,0,62.5,17.3,71.2,53.9,3.1,6.1,5.3,3.1
GHCND:USC00045064,29,34.65361,-120.45111,20100626,-6.66,-6.66,-6.66,0.04,0.0,11.14,0.0,18,2,0,0,0,0,0,0,0,0,0,0,0,62.6,17.3,71.3,53.9,3.1,6.0,5.3,3.1
GHCND:USC00045064,29,34.65361,-120.45111,20100627,-6.66,-6.66,-6.66,0.04,0.0,11.14,0.0,18,2,0,0,0,0,0,0,0,0,0,0,0,62.7,17.3,71.4,54.0,3.1,6.0,5.3,3.1
GHCND:USC00045064,29,34.65361,-120.45111,20100628,-6.66,-6.66,-6.66,0.04,0.0,11.14,0.0,18,2,0,0,0,0,0,0,0,0,0,0,0,62.8,17.3,71.5,54.1,3.1,6.0,5.3,3.1
GHCND:USC00045064,29,34.65361,-120.45111,20100629,-6.66,-6.66,-6.66,0.04,0.0,11.14,0.0,18,1,0,0,0,0,0,0,0,0,0,0,0,62.9,17.3,71.5,54.2,3.1,5.9,5.3,3.1
GHCND:USC00045064,29,34.65361,-120.45111,20100630,-6.66,-6.66,-6.66,0.04,0.0,11.14,0.0,18,1,0,0,0,0,0,0,0,0,0,0,0,63.0,17.3,71.6,54.3,3.1,5.9,5.3,3.1
GHCND:USC00045064,29,34.65361,-120.45111,20100701,-6.66,-6.66,-6.66,0.00,0.0,11.14,0.0,18,-9999,0,0,0,0,0,0,0,0,0,0,0,63.1,17.3,71.7,54.4,3.1,5.8,5.2,3.1
GHCND:USC00045064,29,34.65361,-120.45111,20100702,-6.66,-6.66,-6.66,0.00,0.0,11.14,0.0,18,-9999,0,0,0,0,0,0,0,0,0,0,0,63.1,17.3,71.8,54.5,3.1,5.8,5.2,3.1
GHCND:USC00045064,29,34.65361,-120.45111,20100703,-6.66,-6.66,-6.66,0.00,0.0,11.14,0.0,17,-9999,0,0,0,0,0,0,0,0,0,0,0,63.2,17.2,71.8,54.6,3.1,5.7,5.2,3.1
GHCND:USC00045064,29,34.65361,-120.45111,20100704,-6.66,-6.66,-6.66,0.00,0.0,11.14,0.0,17,-9999,0,0,0,0,0,0,0,0,0,0,0,63.3,17.2,71.9,54.7,3.1,5.7,5.1,3.1
GHCND:USC00045064,29,34.65361,-120.45111,20100705,-6.66,-6.66,-6.66,0.00,0.0,11.14,0.0,17,-9999,0,0,0,0,0,0,0,0,0,0,0,63.4,17.2,72.0,54.8,3.1,5.6,5.1,3.1
GHCND:USC00045064,29,34.65361,-120.45111,20100706,-6.66,-6.66,-6.66,0.00,0.0,11.14,0.0,17,-9999,0,0,0,0,0,0,0,0,0,0,0,63.4,17.1,72.0,54.9,3.1,5.6,5.0,3.1
GHCND:USC00045064,29,34.65361,-120.45111,20100707,-6.66,-6.66,-6.66,0.00,0.0,11.14,0.0,17,-9999,0,0,0,0,0,0,0,0,0,0,0,63.5,17.1,72.1,54.9,3.1,5.5,5.0,3.1
GHCND:USC00045064,29,34.65361,-120.45111,20100708,-6.66,-6.66,-6.66,0.00,0.0,11.14,0.0,17,-9999,0,0,0,0,0,0,0,0,0,0,0,63.6,17.1,72.1,55.0,3.1,5.4,5.0,3.1
GHCND:USC00045064,29,34.65361,-120.45111,20100709,-6.66,-6.66,-6.66,0.00,0.0,11.14,0.0,17,0,0,0,0,0,0,0,0,0,0,0,0,63.6,17.0,72.1,55.1,3.1,5.4,4.9,3.1
GHCND:USC00045064,29,34.65361,-120.45111,20100710,-6.66,-6.66,-6.66,0.00,0.0,11.14,0.0,17,0,0,0,0,0,0,0,0,0,0,0,0,63.7,17.0,72.2,55.2,3.1,5.3,4.9,3.1
GHCND:USC00045064,29,34.65361,-120.45111,20100711,-6.66,-6.66,-6.66,0.00,0.0,11.14,0.0,17,0,0,0,0,0,0,0,0,0,0,0,0,63.7,17.0,72.2,55.2,3.1,5.3,4.9,3.1
GHCND:USC00045064,29,34.65361,-120.45111,20100712,-6.66,-6.66,-6.66,0.00,0.0,11.14,0.0,16,0,0,0,0,0,0,0,0,0,0,0,0,63.8,16.9,72.2,55.3,3.1,5.2,4.8,3.1
GHCND:USC00045064,29,34.65361,-120.45111,20100713,-6.66,-6.66,-6.66,0.00,0.0,11.14,0.0,16,0,0,0,0,0,0,0,0,0,0,0,0,63.8,16.9,72.3,55.4,3.1,5.2,4.8,3.1
GHCND:USC00045064,29,34.65361,-120.45111,20100714,-6.66,-6.66,-6.66,0.01,0.0,11.15,0.0,16,0,0,0,0,0,0,0,0,0,0,0,0,63.8,16.9,72.3,55.4,3.1,5.2,4.8,3.0
GHCND:USC00045064,29,34.65361,-120.45111,20100715,-6.66,-6.66,-6.66,0.01,0.0,11.15,0.0,15,0,0,0,0,0,0,0,0,0,0,0,0,63.9,16.8,72.3,55.5,3.1,5.1,4.8,3.0
GHCND:USC00045064,29,34.65361,-120.45111,20100716,-6.66,-6.66,-6.66,0.01,0.0,11.15,0.0,15,0,0,0,0,0,0,0,0,0,0,0,0,63.9,16.8,72.3,55.5,3.1,5.1,4.8,3.0
GHCND:USC00045064,29,34.65361,-120.45111,20100717,-6.66,-6.66,-6.66,0.01,0.0,11.15,0.0,14,0,0,0,0,0,0,0,0,0,0,0,0,63.9,16.7,72.3,55.6,3.1,5.1,4.7,3.0
GHCND:USC00045064,29,34.65361,-120.45111,20100718,-6.66,-6.66,-6.66,0.01,0.0,11.15,0.0,14,0,0,0,0,0,0,0,0,0,0,0,0,64.0,16.7,72.3,55.6,3.1,5.1,4.7,3.0
GHCND:USC00045064,29,34.65361,-120.45111,20100719,-6.66,-6.66,-6.66,0.01,0.0,11.15,0.0,14,0,0,0,0,0,0,0,0,0,0,0,0,64.0,16.7,72.3,55.7,3.0,5.0,4.7,3.0
GHCND:USC00045064,29,34.65361,-120.45111,20100720,-6.66,-6.66,-6.66,0.01,0.0,11.15,0.0,13,0,0,0,0,0,0,0,0,0,0,0,0,64.0,16.6,72.3,55.7,3.0,5.0,4.7,3.0
GHCND:USC00045064,29,34.65361,-120.45111,20100721,-6.66,-6.66,-6.66,0.01,0.0,11.15,0.0,13,0,0,0,0,0,0,0,0,0,0,0,0,64.0,16.6,72.3,55.7,3.0,5.0,4.7,3.0
GHCND:USC00045064,29,34.65361,-120.45111,20100722,-6.66,-6.66,-6.66,0.01,0.0,11.15,0.0,13,0,0,0,0,0,0,0,0,0,0,0,0,64.1,16.6,72.3,55.8,3.0,5.0,4.7,3.0
GHCND:USC00045064,29,34.65361,-120.45111,20100723,-6.66,-6.66,-6.66,0.01,0.0,11.15,0.0,12,0,0,0,0,0,0,0,0,0,0,0,0,64.1,16.5,72.3,55.8,3.0,5.0,4.6,3.0
GHCND:USC00045064,29,34.65361,-120.45111,20100724,-6.66,-6.66,-6.66,0.01,0.0,11.15,0.0,12,-9999,0,0,0,0,0,0,0,0,0,0,0,64.1,16.5,72.3,55.8,3.0,5.0,4.6,3.0
GHCND:USC00045064,29,34.65361,-120.45111,20100725,-6.66,-6.66,-6.66,0.01,0.0,11.15,0.0,12,-9999,0,0,0,0,0,0,0,0,0,0,0,64.1,16.5,72.3,55.9,3.0,4.9,4.6,3.0
GHCND:USC00045064,29,34.65361,-120.45111,20100726,-6.66,-6.66,-6.66,0.01,0.0,11.15,0.0,11,-9999,0,0,0,0,0,0,0,0,0,0,0,64.1,16.5,72.3,55.9,3.0,4.9,4.6,3.0
GHCND:USC00045064,29,34.65361,-120.45111,20100727,-6.66,-6.66,-6.66,0.01,0.0,11.15,0.0,11,-9999,0,0,0,0,0,0,0,0,0,0,0,64.1,16.4,72.3,55.9,3.0,4.9,4.6,2.9
GHCND:USC00045064,29,34.65361,-120.45111,20100728,-6.66,-6.66,-6.66,0.01,0.0,11.15,0.0,11,-9999,0,0,0,0,0,0,0,0,0,0,0,64.1,16.4,72.3,55.9,2.9,4.9,4.6,2.9
GHCND:USC00045064,29,34.65361,-120.45111,20100729,-6.66,-6.66,-6.66,0.01,0.0,11.15,0.0,10,-9999,0,0,0,0,0,0,0,0,0,0,0,64.1,16.4,72.3,55.9,2.9,4.9,4.6,2.9
GHCND:USC00045064,29,34.65361,-120.45111,20100730,-6.66,-6.66,-6.66,0.01,0.0,11.15,0.0,10,-9999,0,0,0,0,0,0,0,0,0,0,0,64.1,16.4,72.3,55.9,2.9,4.9,4.5,2.9
GHCND:USC00045064,29,34.65361,-120.45111,20100731,-6.66,-6.66,-6.66,0.01,0.0,11.15,0.0,10,-9999,0,0,0,0,0,0,0,0,0,0,0,64.1,16.4,72.4,55.9,2.9,4.9,4.5,2.9
GHCND:USC00045064,29,34.65361,-120.45111,20100801,-6.66,-6.66,-6.66,0.00,0.0,11.15,0.0,10,2,0,0,0,0,0,0,0,0,0,0,0,64.2,16.4,72.4,56.0,2.9,4.9,4.5,2.9
GHCND:USC00045064,29,34.65361,-120.45111,20100802,-6.66,-6.66,-6.66,0.00,0.0,11.15,0.0,10,2,0,0,0,0,0,0,0,0,0,0,0,64.2,16.4,72.4,56.0,2.9,4.9,4.5,2.9
GHCND:USC00045064,29,34.65361,-120.45111,20100803,-6.66,-6.66,-6.66,0.00,0.0,11.15,0.0,10,2,0,0,0,0,0,0,0,0,0,0,0,64.2,16.4,72.4,56.0,2.9,4.9,4.5,2.9
GHCND:USC00045064,29,34.65361,-120.45111,20100804,-6.66,-6.66,-6.66,0.00,0.0,11.15,0.0,10,2,0,0,0,0,0,0,0,0,0,0,0,64.2,16.4,72.4,56.0,2.9,4.9,4.5,2.9
GHCND:USC00045064,29,34.65361,-120.45111,20100805,-6.66,-6.66,-6.66,0.00,0.0,11.15,0.0,10,2,0,0,0,0,0,0,0,0,0,0,0,64.2,16.4,72.4,56.0,2.9,4.9,4.5,3.0
GHCND:USC00045064,29,34.65361,-120.45111,20100806,-6.66,-6.66,-6.66,0.00,0.0,11.15,0.0,10,2,0,0,0,0,0,0,0,0,0,0,0,64.2,16.4,72.4,56.0,2.9,5.0,4.5,3.0
GHCND:USC00045064,29,34.65361,-120.45111,20100807,-6.66,-6.66,-6.66,0.00,0.0,11.15,0.0,10,2,0,0,0,0,0,0,0,0,0,0,0,64.2,16.5,72.4,56.0,2.9,5.0,4.5,3.0
GHCND:USC00045064,29,34.65361,-120.45111,20100808,-6.66,-6.66,-6.66,0.00,0.0,11.15,0.0,10,3,0,0,0,0,0,0,0,0,0,0,0,64.2,16.5,72.5,56.0,2.9,5.0,4.5,3.0
GHCND:USC00045064,29,34.65361,-120.45111,20100809,-6.66,-6.66,-6.66,0.01,0.0,11.16,0.0,10,3,0,0,0,0,0,0,0,0,0,0,0,64.2,16.5,72.5,56.0,2.9,5.0,4.5,3.0
GHCND:USC00045064,29,34.65361,-120.45111,20100810,-6.66,-6.66,-6.66,0.01,0.0,11.16,0.0,10,3,0,0,0,0,0,0,0,0,0,0,0,64.2,16.5,72.5,56.0,2.9,5.1,4.5,3.0
GHCND:USC00045064,29,34.65361,-120.45111,20100811,-6.66,-6.66,-6.66,0.01,0.0,11.16,0.0,10,3,0,0,0,0,0,0,0,0,0,0,0,64.3,16.6,72.5,56.0,2.9,5.1,4.5,3.0
GHCND:USC00045064,29,34.65361,-120.45111,20100812,-6.66,-6.66,-6.66,0.01,0.0,11.16,0.0,10,4,0,0,0,0,0,0,0,0,0,0,0,64.3,16.6,72.6,56.0,2.9,5.1,4.6,3.0
GHCND:USC00045064,29,34.65361,-120.45111,20100813,-6.66,-6.66,-6.66,0.01,0.0,11.16,0.0,11,4,0,0,0,0,0,0,0,0,0,0,0,64.3,16.7,72.6,56.0,2.9,5.1,4.6,3.0
GHCND:USC00045064,29,34.65361,-120.45111,20100814,-6.66,-6.66,-6.66,0.01,0.0,11.16,0.0,11,4,0,0,0,0,0,0,0,0,0,0,0,64.3,16.7,72.7,56.0,2.9,5.2,4.6,3.1
GHCND:USC00045064,29,34.65361,-120.45111,20100815,-6.66,-6.66,-6.66,0.01,0.0,11.16,0.0,12,4,0,0,0,0,0,0,0,0,0,0,0,64.3,16.7,72.7,56.0,2.9,5.2,4.6,3.1
GHCND:USC00045064,29,34.65361,-120.45111,20100816,-6.66,-6.66,-6.66,0.01,0.0,11.16,0.0,12,4,0,0,0,0,0,0,0,0,0,0,0,64.3,16.8,72.7,55.9,2.9,5.2,4.6,3.1
GHCND:USC00045064,29,34.65361,-120.45111,20100817,-6.66,-6.66,-6.66,0.01,0.0,11.16,0.0,12,5,0,0,0,0,0,0,0,0,0,0,0,64.4,16.8,72.8,55.9,2.9,5.2,4.6,3.1
GHCND:USC00045064,29,34.65361,-120.45111,20100818,-6.66,-6.66,-6.66,0.01,0.0,11.16,0.0,13,5,0,0,0,0,0,0,0,0,0,0,0,64.4,16.9,72.8,55.9,2.9,5.3,4.6,3.1
GHCND:USC00045064,29,34.65361,-120.45111,20100819,-6.66,-6.66,-6.66,0.01,0.0,11.16,0.0,13,5,0,0,0,0,0,0,0,0,0,0,0,64.4,17.0,72.9,55.9,2.9,5.3,4.7,3.1
GHCND:USC00045064,29,34.65361,-120.45111,20100820,-6.66,-6.66,-6.66,0.01,0.0,11.16,0.0,14,5,0,0,0,0,0,0,0,0,0,0,0,64.4,17.0,72.9,55.9,3.0,5.3,4.7,3.1
GHCND:USC00045064,29,34.65361,-120.45111,20100821,-6.66,-6.66,-6.66,0.02,0.0,11.17,0.0,14,5,0,0,0,0,0,0,0,0,0,0,0,64.4,17.1,73.0,55.9,3.0,5.3,4.7,3.2
GHCND:USC00045064,29,34.65361,-120.45111,20100822,-6.66,-6.66,-6.66,0.02,0.0,11.17,0.0,15,5,0,0,0,0,0,0,0,0,0,0,0,64.4,17.1,73.0,55.9,3.0,5.4,4.7,3.2
GHCND:USC00045064,29,34.65361,-120.45111,20100823,-6.66,-6.66,-6.66,0.02,0.0,11.17,0.0,15,5,0,0,0,0,0,0,0,0,0,0,0,64.5,17.2,73.1,55.9,3.0,5.4,4.8,3.2
GHCND:USC00045064,29,34.65361,-120.45111,20100824,-6.66,-6.66,-6.66,0.02,0.0,11.17,0.0,16,5,0,0,0,0,0,0,0,0,0,0,0,64.5,17.3,73.1,55.8,3.1,5.5,4.8,3.2
GHCND:USC00045064,29,34.65361,-120.45111,20100825,-6.66,-6.66,-6.66,0.02,0.0,11.17,0.0,16,5,0,0,0,0,0,0,0,0,0,0,0,64.5,17.3,73.2,55.8,3.1,5.5,4.8,3.3
GHCND:USC00045064,29,34.65361,-120.45111,20100826,-6.66,-6.66,-6.66,0.02,0.0,11.17,0.0,17,5,0,0,0,0,0,0,0,0,0,0,0,64.5,17.4,73.2,55.8,3.1,5.5,4.9,3.3
GHCND:USC00045064,29,34.65361,-120.45111,20100827,-6.66,-6.66,-6.66,0.02,0.0,11.17,0.0,18,5,0,0,0,0,0,0,0,0,0,0,0,64.5,17.5,73.3,55.8,3.1,5.6,4.9,3.3
GHCND:USC00045064,29,34.65361,-120.45111,20100828,-6.66,-6.66,-6.66,0.03,0.0,11.18,0.0,18,5,0,0,0,0,0,0,0,0,0,0,0,64.5,17.6,73.3,55.8,3.1,5.6,4.9,3.4
GHCND:USC00045064,29,34.65361,-120.45111,20100829,-6.66,-6.66,-6.66,0.03,0.0,11.18,0.0,19,6,0,0,0,0,0,0,0,0,0,0,0,64.5,17.6,73.4,55.7,3.2,5.7,5.0,3.4
GHCND:USC00045064,29,34.65361,-120.45111,20100830,-6.66,-6.66,-6.66,0.03,0.0,11.18,0.0,20,6,0,0,0,0,0,0,0,0,0,0,0,64.5,17.7,73.4,55.7,3.2,5.7,5.0,3.4
GHCND:USC00045064,29,34.65361,-120.45111,20100831,-6.66,-6.66,-6.66,0.03,0.0,11.18,0.0,20,6,0,0,0,0,0,0,0,0,0,0,0,64.6,17.8,73.4,55.7,3.2,5.8,5.1,3.5
GHCND:USC00045064,29,34.65361,-120.45111,20100901,-6.66,-6.66,-6.66,0.00,0.0,11.18,0.0,21,6,0,0,0,0,0,0,0,0,0,0,0,64.6,17.9,73.5,55.6,3.2,5.8,5.1,3.5
GHCND:USC00045064,29,34.65361,-120.45111,20100902,-6.66,-6.66,-6.66,0.00,0.0,11.18,0.0,22,6,0,0,0,0,0,0,0,0,0,0,0,64.6,18.0,73.5,55.6,3.3,5.9,5.1,3.5
GHCND:USC00045064,29,34.65361,-120.45111,20100903,-6.66,-6.66,-6.66,0.00,0.0,11.18,0.0,23,6,0,0,0,0,0,0,0,0,0,0,0,64.6,18.0,73.6,55.5,3.3,5.9,5.2,3.6
GHCND:USC00045064,29,34.65361,-120.45111,20100904,-6.66,-6.66,-6.66,0.01,0.0,11.19,0.0,24,7,0,0,0,0,0,0,0,0,0,0,0,64.5,18.1,73.6,55.5,3.3,6.0,5.2,3.6
GHCND:USC00045064,29,34.65361,-120.45111,20100905,-6.66,-6.66,-6.66,0.01,0.0,11.19,0.0,25,7,1,0,0,0,0,0,0,0,0,0,0,64.5,18.2,73.6,55.4,3.3,6.0,5.2,3.7
GHCND:USC00045064,29,34.65361,-120.45111,20100906,-6.66,-6.66,-6.66,0.01,0.0,11.19,0.0,26,7,1,0,0,0,0,0,0,0,0,0,0,64.5,18.3,73.7,55.4,3.3,6.1,5.2,3.7
GHCND:USC00045064,29,34.65361,-120.45111,20100907,-6.66,-6.66,-6.66,0.01,0.0,11.19,0.0,27,7,1,0,0,0,0,0,0,0,0,0,0,64.5,18.4,73.7,55.3,3.3,6.1,5.3,3.7
GHCND:USC00045064,29,34.65361,-120.45111,20100908,-6.66,-6.66,-6.66,0.01,0.0,11.19,0.0,28,7,1,0,0,0,0,0,0,0,0,0,0,64.5,18.4,73.7,55.3,3.4,6.2,5.3,3.8
GHCND:USC00045064,29,34.65361,-120.45111,20100909,-6.66,-6.66,-6.66,0.01,0.0,11.19,0.0,29,7,1,0,0,0,0,0,0,0,0,0,0,64.5,18.5,73.7,55.2,3.4,6.2,5.3,3.8
GHCND:USC00045064,29,34.65361,-120.45111,20100910,-6.66,-6.66,-6.66,0.01,0.0,11.19,0.0,29,7,1,0,0,0,0,0,0,0,0,0,0,64.4,18.6,73.8,55.1,3.4,6.3,5.4,3.9
GHCND:USC00045064,29,34.65361,-120.45111,20100911,-6.66,-6.66,-6.66,0.02,0.0,11.20,0.0,30,7,1,0,0,0,0,0,0,0,0,0,0,64.4,18.7,73.8,55.1,3.4,6.3,5.4,3.9
GHCND:USC00045064,29,34.65361,-120.45111,20100912,-6.66,-6.66,-6.66,0.02,0.0,11.20,0.0,31,8,1,0,0,0,0,0,0,0,0,0,0,64.4,18.8,73.8,55.0,3.5,6.4,5.5,3.9
GHCND:USC00045064,29,34.65361,-120.45111,20100913,-6.66,-6.66,-6.66,0.02,0.0,11.20,0.0,32,8,2,0,0,0,0,0,0,0,0,0,0,64.4,18.9,73.8,54.9,3.5,6.5,5.5,4.0
GHCND:USC00045064,29,34.65361,-120.45111,20100914,-6.66,-6.66,-6.66,0.03,0.0,11.21,0.0,33,8,2,0,0,0,0,0,0,0,0,0,0,64.3,19.0,73.8,54.8,3.5,6.6,5.6,4.0
GHCND:USC00045064,29,34.65361,-120.45111,20100915,-6.66,-6.66,-6.66,0.03,0.0,11.21,0.0,34,9,2,0,0,0,0,0,0,0,0,0,0,64.3,19.0,73.8,54.8,3.6,6.7,5.7,4.1
GHCND:USC00045064,29,34.65361,-120.45111,20100916,-6.66,-6.66,-6.66,0.03,0.0,11.21,0.0,35,9,2,0,0,0,0,0,0,0,0,0,0,64.2,19.1,73.8,54.7,3.6,6.7,5.8,4.1
GHCND:USC00045064,29,34.65361,-120.45111,20100917,-6.66,-6.66,-6.66,0.04,0.0,11.22,0.0,36,10,2,0,0,0,0,0,0,0,0,0,0,64.2,19.2,73.8,54.6,3.6,6.8,5.8,4.1
GHCND:USC00045064,29,34.65361,-120.45111,20100918,-6.66,-6.66,-6.66,0.04,0.0,11.22,0.0,37,10,2,0,0,0,0,0,0,0,0,0,0,64.1,19.3,73.8,54.5,3.7,6.9,5.9,4.1
GHCND:USC00045064,29,34.65361,-120.45111,20100919,-6.66,-6.66,-6.66,0.04,0.0,11.22,0.0,38,11,3,0,0,0,0,0,0,0,0,0,0,64.1,19.4,73.8,54.4,3.7,7.0,6.0,4.2
GHCND:USC00045064,29,34.65361,-120.45111,20100920,-6.66,-6.66,-6.66,0.05,0.0,11.23,0.0,40,12,3,0,0,0,0,0,0,0,0,0,0,64.0,19.5,73.8,54.3,3.7,7.1,6.0,4.2
GHCND:USC00045064,29,34.65361,-120.45111,20100921,-6.66,-6.66,-6.66,0.05,0.0,11.23,0.0,41,12,3,0,0,0,0,0,0,0,0,0,0,64.0,19.6,73.8,54.2,3.7,7.2,6.1,4.2
GHCND:USC00045064,29,34.65361,-120.45111,20100922,-6.66,-6.66,-6.66,0.06,0.0,11.24,0.0,42,13,4,0,0,0,0,0,0,0,0,0,0,63.9,19.7,73.8,54.1,3.8,7.3,6.2,4.2
GHCND:USC00045064,29,34.65361,-120.45111,20100923,-6.66,-6.66,-6.66,0.06,0.0,11.24,0.0,44,14,4,0,0,0,0,0,0,0,0,0,0,63.9,19.8,73.7,54.0,3.8,7.4,6.2,4.3
GHCND:USC00045064,29,34.65361,-120.45111,20100924,-6.66,-6.66,-6.66,0.06,0.0,11.24,0.0,45,15,4,0,0,0,0,0,0,0,0,0,0,63.8,19.8,73.7,53.9,3.8,7.5,6.3,4.3
GHCND:USC00045064,29,34.65361,-120.45111,20100925,-6.66,-6.66,-6.66,0.07,0.0,11.25,0.0,47,16,5,-9999,0,0,0,0,0,0,0,0,0,63.7,19.9,73.7,53.8,3.8,7.6,6.4,4.3
GHCND:USC00045064,29,34.65361,-120.45111,20100926,-6.66,-6.66,-6.66,0.07,0.0,11.25,0.0,48,17,5,-9999,0,0,0,0,0,0,0,0,0,63.7,20.0,73.7,53.7,3.8,7.7,6.4,4.3
GHCND:USC00045064,29,34.65361,-120.45111,20100927,-6.66,-6.66,-6.66,0.08,0.0,11.26,0.0,50,18,5,-9999,0,0,0,0,0,0,0,0,0,63.6,20.1,73.6,53.5,3.9,7.8,6.5,4.4
GHCND:USC00045064,29,34.65361,-120.45111,20100928,-6.66,-6.66,-6.66,0.08,0.0,11.26,0.0,51,19,6,-9999,0,0,0,0,0,0,0,0,0,63.5,20.2,73.6,53.4,3.9,7.8,6.5,4.4
GHCND:USC00045064,29,34.65361,-120.45111,20100929,-6.66,-6.66,-6.66,0.09,0.0,11.27,0.0,53,20,6,-9999,0,0,0,0,0,0,0,0,0,63.4,20.3,73.6,53.3,3.9,7.9,6.6,4.4
GHCND:USC00045064,29,34.65361,-120.45111,20100930,-6.66,-6.66,-6.66,0.10,0.0,11.28,0.0,54,22,7,-9999,0,0,0,0,0,0,0,0,0,63.4,20.4,73.6,53.2,3.9,8.0,6.6,4.4
GHCND:USC00045064,29,34.65361,-120.45111,20101001,-6.66,-6.66,-6.66,0.01,0.0,11.29,0.0,56,23,7,1,0,0,0,0,0,0,0,0,0,63.3,20.5,73.5,53.1,3.9,8.1,6.7,4.5
GHCND:USC00045064,29,34.65361,-120.45111,20101002,-6.66,-6.66,-6.66,0.03,0.0,11.31,0.0,58,24,8,1,0,0,0,0,0,0,0,0,0,63.2,20.5,73.5,52.9,4.0,8.2,6.7,4.5
GHCND:USC00045064,29,34.65361,-120.45111,20101003,-6.66,-6.66,-6.66,0.04,0.0,11.32,0.0,60,26,8,1,0,0,0,0,0,0,0,0,0,63.1,20.6,73.5,52.8,4.0,8.2,6.8,4.5
GHCND:USC00045064,29,34.65361,-120.45111,20101004,-6.66,-6.66,-6.66,0.05,0.0,11.33,0.0,62,28,9,1,0,0,0,0,0,0,0,0,0,63.1,20.7,73.4,52.7,4.0,8.3,6.8,4.5
GHCND:USC00045064,29,34.65361,-120.45111,20101005,-6.66,-6.66,-6.66,0.07,0.0,11.35,0.0,64,30,9,2,0,0,0,0,0,0,0,0,0,63.0,20.8,73.4,52.6,4.0,8.4,6.9,4.6
GHCND:USC00045064,29,34.65361,-120.45111,20101006,-6.66,-6.66,-6.66,0.08,0.0,11.36,0.0,65,31,9,2,0,0,0,0,0,0,0,0,0,62.9,20.9,73.3,52.4,4.1,8.5,6.9,4.6
GHCND:USC00045064,29,34.65361,-120.45111,20101007,-6.66,-6.66,-6.66,0.10,0.0,11.38,0.0,67,33,10,2,0,0,0,0,0,0,0,0,0,62.8,21.0,73.3,52.3,4.1,8.5,7.0,4.6
GHCND:USC00045064,29,34.65361,-120.45111,20101008,-6.66,-6.66,-6.66,0.11,0.0,11.39,0.0,69,35,10,2,0,0,0,0,0,0,0,0,0,62.7,21.1,73.2,52.2,4.1,8.6,7.0,4.6
GHCND:USC00045064,29,34.65361,-120.45111,20101009,-6.66,-6.66,-6.66,0.13,0.0,11.41,0.0,71,37,11,2,0,0,0,0,0,0,0,0,0,62.6,21.1,73.2,52.0,4.2,8.6,7.1,4.7
GHCND:USC00045064,29,34.65361,-120.45111,20101010,-6.66,-6.66,-6.66,0.15,0.0,11.43,0.0,74,38,11,2,0,0,0,0,0,0,0,0,0,62.5,21.2,73.1,51.9,4.2,8.7,7.1,4.7
GHCND:USC00045064,29,34.65361,-120.45111,20101011,-6.66,-6.66,-6.66,0.16,0.0,11.44,0.0,76,40,12,2,0,0,0,0,0,0,0,0,0,62.4,21.3,73.1,51.8,4.2,8.7,7.2,4.7
GHCND:USC00045064,29,34.65361,-120.45111,20101012,-6.66,-6.66,-6.66,0.18,0.0,11.46,0.0,79,42,12,3,0,0,0,0,0,0,0,0,0,62.3,21.4,73.0,51.6,4.3,8.7,7.2,4.8
GHCND:USC00045064,29,34.65361,-120.45111,20101013,-6.66,-6.66,-6.66,0.20,0.0,11.48,0.0,81,45,13,3,0,0,0,0,0,0,0,0,0,62.2,21.5,73.0,51.5,4.3,8.8,7.2,4.8
GHCND:USC00045064,29,34.65361,-120.45111,20101014,-6.66,-6.66,-6.66,0.22,0.0,11.50,0.0,84,47,14,3,0,0,0,0,0,0,0,0,0,62.1,21.5,72.9,51.4,4.3,8.8,7.2,4.8
GHCND:USC00045064,29,34.65361,-120.45111,20101015,-6.66,-6.66,-6.66,0.24,0.0,11.52,0.0,86,49,14,3,0,0,0,0,0,0,0,0,0,62.0,21.6,72.8,51.2,4.4,8.8,7.2,4.9
GHCND:USC00045064,29,34.65361,-120.45111,20101016,-6.66,-6.66,-6.66,0.26,0.0,11.54,0.0,89,51,15,4,0,0,0,0,0,0,0,0,0,61.9,21.7,72.8,51.1,4.4,8.8,7.2,4.9
GHCND:USC00045064,29,34.65361,-120.45111,20101017,-6.66,-6.66,-6.66,0.29,0.0,11.57,0.0,92,54,16,4,0,0,0,0,0,0,0,0,0,61.8,21.7,72.7,50.9,4.4,8.7,7.2,5.0
GHCND:USC00045064,29,34.65361,-120.45111,20101018,-6.66,-6.66,-6.66,0.32,0.0,11.60,0.0,95,56,17,4,0,0,0,0,0,0,0,0,0,61.7,21.8,72.6,50.8,4.4,8.7,7.2,5.0
GHCND:USC00045064,29,34.65361,-120.45111,20101019,-6.66,-6.66,-6.66,0.34,0.0,11.62,0.0,98,58,17,4,0,0,0,0,0,0,0,0,0,61.6,21.9,72.5,50.6,4.4,8.7,7.2,5.0
GHCND:USC00045064,29,34.65361,-120.45111,20101020,-6.66,-6.66,-6.66,0.36,0.0,11.64,0.0,101,60,18,5,0,0,0,0,0,0,0,0,0,61.5,21.9,72.4,50.5,4.5,8.7,7.2,5.1
GHCND:USC00045064,29,34.65361,-120.45111,20101021,-6.66,-6.66,-6.66,0.39,0.0,11.67,0.0,104,63,18,5,0,0,0,0,0,0,0,0,0,61.3,22.0,72.3,50.3,4.5,8.7,7.2,5.1
GHCND:USC00045064,29,34.65361,-120.45111,20101022,-6.66,-6.66,-6.66,0.42,0.0,11.70,0.0,107,65,18,5,0,0,0,0,0,0,0,0,0,61.2,22.1,72.2,50.2,4.5,8.7,7.1,5.2
GHCND:USC00045064,29,34.65361,-120.45111,20101023,0.05,0.16,0.38,0.44,0.0,11.72,0.0,110,67,19,5,0,0,0,0,0,0,0,0,0,61.1,22.1,72.1,50.0,4.5,8.6,7.1,5.2
GHCND:USC00045064,29,34.65361,-120.45111,20101024,0.05,0.16,0.38,0.47,0.0,11.75,0.0,113,69,19,6,0,0,0,0,0,0,0,0,0,60.9,22.2,72.0,49.9,4.5,8.6,7.1,5.2
GHCND:USC00045064,29,34.65361,-120.45111,20101025,0.05,0.16,0.37,0.50,0.0,11.78,0.0,115,72,20,6,0,0,0,0,0,0,0,0,0,60.8,22.2,71.9,49.7,4.6,8.6,7.1,5.3
GHCND:USC00045064,29,34.65361,-120.45111,20101026,0.05,0.16,0.37,0.54,0.0,11.82,0.0,118,74,20,6,0,0,0,0,0,0,0,0,0,60.7,22.3,71.8,49.5,4.6,8.5,7.1,5.3
GHCND:USC00045064,29,34.65361,-120.45111,20101027,0.05,0.16,0.37,0.58,0.0,11.86,0.0,121,76,21,6,0,0,0,0,0,0,0,0,0,60.5,22.3,71.7,49.3,4.6,8.5,7.1,5.3
GHCND:USC00045064,29,34.65361,-120.45111,20101028,0.05,0.16,0.37,0.62,0.0,11.90,0.0,124,78,21,7,0,0,0,0,0,0,0,0,0,60.4,22.4,71.5,49.2,4.6,8.5,7.1,5.3
GHCND:USC00045064,29,34.65361,-120.45111,20101029,0.05,0.16,0.37,0.66,0.0,11.94,0.0,127,80,22,7,0,0,0,0,0,0,0,0,0,60.2,22.4,71.4,49.0,4.7,8.4,7.1,5.4
GHCND:USC00045064,29,34.65361,-120.45111,20101030,0.05,0.16,0.37,0.70,0.0,11.98,0.0,130,82,22,7,0,0,0,0,0,0,0,0,0,60.0,22.4,71.2,48.8,4.7,8.4,7.1,5.4
GHCND:USC00045064,29,34.65361,-120.45111,20101031,0.05,0.16,0.37,0.74,0.0,12.02,0.0,132,84,23,8,0,0,0,0,0,0,0,0,0,59.9,22.5,71.1,48.6,4.7,8.4,7.1,5.4
GHCND:USC00045064,29,34.65361,-120.45111,20101101,0.05,0.16,0.37,0.03,0.0,12.05,0.0,135,85,23,8,0,0,0,0,0,0,0,0,0,59.7,22.5,70.9,48.4,4.8,8.3,7.1,5.5
GHCND:USC00045064,29,34.65361,-120.45111,20101102,0.05,0.15,0.37,0.07,0.0,12.09,0.0,138,87,23,8,0,0,0,0,0,0,0,0,0,59.5,22.5,70.8,48.2,4.8,8.3,7.1,5.5
GHCND:USC00045064,29,34.65361,-120.45111,20101103,0.05,0.15,0.37,0.10,0.0,12.12,0.0,141,88,24,8,0,0,0,0,0,0,0,0,0,59.3,22.5,70.6,48.1,4.8,8.2,7.1,5.5
GHCND:USC00045064,29,34.65361,-120.45111,20101104,0.05,0.15,0.37,0.14,0.0,12.16,0.0,144,90,25,9,0,0,0,0,0,0,0,0,0,59.1,22.6,70.4,47.9,4.8,8.2,7.0,5.6
GHCND:USC00045064,29,34.65361,-120.45111,20101105,0.05,0.15,0.37,0.18,0.0,12.20,0.0,147,92,26,9,0,0,0,0,0,0,0,0,0,58.9,22.6,70.2,47.7,4.9,8.1,7.0,5.6
GHCND:USC00045064,29,34.65361,-120.45111,20101106,0.05,0.15,0.37,0.21,0.0,12.23,0.0,150,93,26,9,0,0,0,0,0,0,0,0,0,58.7,22.6,70.0,47.5,4.9,8.1,7.0,5.6
GHCND:USC00045064,29,34.65361,-120.45111,20101107,0.05,0.15,0.37,0.25,0.0,12.27,0.0,153,95,27,10,0,0,0,0,0,0,0,0,0,58.5,22.6,69.8,47.3,4.9,8.1,7.0,5.6
GHCND:USC00045064,29,34.65361,-120.45111,20101108,0.05,0.15,0.37,0.29,0.0,12.31,0.0,156,97,28,10,0,0,0,0,0,0,0,0,0,58.3,22.6,69.6,47.0,4.9,8.0,6.9,5.7
GHCND:USC00045064,29,34.65361,-120.45111,20101109,0.05,0.15,0.38,0.33,0.0,12.35,0.0,159,98,29,10,0,0,0,0,0,0,0,0,0,58.1,22.6,69.4,46.8,4.9,8.0,6.9,5.7
GHCND:USC00045064,29,34.65361,-120.45111,20101110,0.05,0.15,0.38,0.37,0.0,12.39,0.0,161,100,30,10,0,0,0,0,0,0,0,0,0,57.9,22.6,69.2,46.6,4.9,8.0,6.9,5.7
GHCND:USC00045064,29,34.65361,-120.45111,20101111,0.05,0.14,0.38,0.41,0.0,12.43,0.0,164,101,30,11,0,0,0,0,0,0,0,0,0,57.7,22.6,69.0,46.4,4.9,8.0,6.8,5.7
GHCND:USC00045064,29,34.65361,-120.45111,20101112,0.05,0.14,0.37,0.46,0.0,12.48,0.0,166,102,31,11,0,0,0,0,0,0,0,0,0,57.5,22.6,68.8,46.2,4.8,7.9,6.8,5.7
GHCND:USC00045064,29,34.65361,-120.45111,20101113,0.05,0.14,0.38,0.50,0.0,12.52,0.0,169,103,32,11,0,0,0,0,0,0,0,0,0,57.3,22.6,68.5,46.0,4.8,7.9,6.7,5.7
GHCND:USC00045064,29,34.65361,-120.45111,20101114,0.05,0.14,0.38,0.55,0.0,12.57,0.0,171,104,32,11,0,0,0,0,0,0,0,0,0,57.0,22.5,68.3,45.8,4.8,7.9,6.7,5.7
GHCND:USC00045064,29,34.65361,-120.45111,20101115,0.05,0.14,0.38,0.59,0.0,12.61,0.0,173,105,33,11,0,0,0,0,0,0,0,0,0,56.8,22.5,68.1,45.6,4.8,7.9,6.6,5.8
GHCND:USC00045064,29,34.65361,-120.45111,20101116,0.05,0.13,0.38,0.64,0.0,12.66,0.0,176,106,34,11,0,0,0,0,0,0,0,0,0,56.6,22.5,67.9,45.4,4.8,7.9,6.6,5.8
GHCND:USC00045064,29,34.65361,-120.45111,20101117,0.05,0.13,0.38,0.69,0.0,12.71,0.0,178,107,35,11,0,0,0,0,0,0,0,0,0,56.4,22.5,67.6,45.1,4.7,7.9,6.6,5.8
GHCND:USC00045064,29,34.65361,-120.45111,20101118,0.05,0.13,0.38,0.74,0.0,12.76,0.0,181,108,36,11,0,0,0,0,0,0,0,0,0,56.2,22.4,67.4,44.9,4.7,7.9,6.5,5.8
GHCND:USC00045064,29,34.65361,-120.45111,20101119,0.05,0.13,0.38,0.80,0.0,12.82,0.0,183,109,36,11,0,0,0,0,0,0,0,0,0,55.9,22.4,67.1,44.7,4.7,7.9,6.5,5.8
GHCND:USC00045064,29,34.65361,-120.45111,20101120,0.05,0.13,0.39,0.85,0.0,12.87,0.0,185,111,38,11,0,0,0,0,0,0,0,0,0,55.7,22.4,66.9,44.5,4.7,7.9,6.5,5.8
GHCND:USC00045064,29,34.65361,-120.45111,20101121,0.05,0.13,0.40,0.90,0.0,12.92,0.0,187,112,39,11,0,0,0,0,0,0,0,0,0,55.5,22.3,66.7,44.3,4.7,7.9,6.4,5.8
GHCND:USC00045064,29,34.65361,-120.45111,20101122,0.05,0.13,0.40,0.96,0.0,12.98,0.0,189,113,40,11,0,0,0,0,0,0,0,0,0,55.3,22.3,66.4,44.1,4.7,7.9,6.4,5.8
GHCND:USC00045064,29,34.65361,-120.45111,20101123,0.05,0.13,0.41,1.02,0.0,13.04,0.0,192,115,41,12,0,0,0,0,0,0,0,0,0,55.1,22.3,66.2,43.9,4.7,7.9,6.4,5.8
GHCND:USC00045064,29,34.65361,-120.45111,20101124,0.05,0.13,0.42,1.07,0.0,13.09,0.0,195,116,43,12,0,0,0,0,0,0,0,0,0,54.9,22.2,66.0,43.7,4.6,7.9,6.3,5.8
GHCND:USC00045064,29,34.65361,-120.45111,20101125,0.05,0.13,0.42,1.13,0.0,13.15,0.0,197,118,44,12,0,0,0,0,0,0,0,0,0,54.6,22.2,65.7,43.6,4.6,7.9,6.3,5.8
GHCND:USC00045064,29,34.65361,-120.45111,20101126,0.05,0.13,0.43,1.19,0.0,13.21,0.0,200,119,45,12,0,0,0,0,0,0,0,0,0,54.4,22.1,65.5,43.4,4.6,7.9,6.3,5.8
GHCND:USC00045064,29,34.65361,-120.45111,20101127,0.05,0.13,0.44,1.24,0.0,13.26,0.0,202,120,46,13,0,0,0,0,0,0,0,0,0,54.2,22.1,65.3,43.2,4.6,7.9,6.3,5.8
GHCND:USC00045064,29,34.65361,-120.45111,20101128,0.05,0.13,0.44,1.30,0.0,13.32,0.0,204,121,47,13,0,0,0,0,0,0,0,0,0,54.1,22.0,65.1,43.0,4.6,7.9,6.3,5.8
GHCND:USC00045064,29,34.65361,-120.45111,20101129,0.05,0.13,0.45,1.35,0.0,13.37,0.0,206,123,48,13,0,0,0,0,0,0,0,0,0,53.9,22.0,64.9,42.9,4.6,7.9,6.2,5.8
GHCND:USC00045064,29,34.65361,-120.45111,20101130,0.05,0.13,0.46,1.41,0.0,13.43,0.0,208,124,49,13,0,0,0,0,0,0,0,0,0,53.7,21.9,64.7,42.7,4.5,7.9,6.2,5.8
GHCND:USC00045064,29,34.65361,-120.45111,20101201,0.05,0.13,0.46,0.06,0.0,13.49,0.0,210,125,50,13,0,0,0,0,0,0,0,0,0,53.5,21.9,64.5,42.6,4.5,7.9,6.2,5.8
GHCND:USC00045064,29,34.65361,-120.45111,20101202,0.05,0.13,0.47,0.12,0.0,13.55,0.0,212,127,51,14,0,0,0,0,0,0,0,0,0,53.4,21.8,64.3,42.4,4.5,7.9,6.2,5.8
GHCND:USC00045064,29,34.65361,-120.45111,20101203,0.05,0.13,0.47,0.18,0.0,13.61,0.0,214,129,52,14,0,0,0,0,0,0,0,0,0,53.2,21.8,64.1,42.3,4.5,8.0,6.2,5.8
GHCND:USC00045064,29,34.65361,-120.45111,20101204,0.05,0.14,0.47,0.25,0.0,13.68,0.0,216,130,53,14,0,0,0,0,0,0,0,0,0,53.0,21.7,63.9,42.2,4.5,8.0,6.2,5.8
GHCND:USC00045064,29,34.65361,-120.45111,20101205,0.05,0.14,0.47,0.32,0.0,13.75,0.0,218,132,53,15,0,0,0,0,0,0,0,0,0,52.9,21.7,63.8,42.1,4.5,8.0,6.2,5.8
GHCND:USC00045064,29,34.65361,-120.45111,20101206,0.05,0.14,0.48,0.39,0.0,13.82,0.0,220,133,54,15,0,0,0,0,0,0,0,0,0,52.8,21.6,63.6,42.0,4.5,8.0,6.2,5.8
GHCND:USC00045064,29,34.65361,-120.45111,20101207,0.05,0.14,0.48,0.46,0.0,13.89,0.0,222,135,55,15,0,0,0,0,0,0,0,0,0,52.6,21.6,63.4,41.9,4.5,8.0,6.2,5.8
GHCND:USC00045064,29,34.65361,-120.45111,20101208,0.05,0.14,0.48,0.54,0.0,13.97,0.0,224,136,56,16,0,0,0,0,0,0,0,0,0,52.5,21.5,63.3,41.8,4.5,8.0,6.2,5.8
GHCND:USC00045064,29,34.65361,-120.45111,20101209,0.05,0.14,0.49,0.62,0.0,14.05,0.0,226,138,56,16,0,0,0,0,0,0,0,0,0,52.4,21.5,63.2,41.7,4.5,8.1,6.2,5.9
GHCND:USC00045064,29,34.65361,-120.45111,20101210,0.05,0.14,0.49,0.69,0.0,14.12,0.0,228,140,57,17,0,0,0,0,0,0,0,0,0,52.3,21.5,63.1,41.6,4.5,8.1,6.2,5.9
GHCND:USC00045064,29,34.65361,-120.45111,20101211,0.05,0.15,0.50,0.76,0.0,14.19,0.0,230,142,58,17,0,0,0,0,0,0,0,0,0,52.2,21.4,62.9,41.5,4.5,8.1,6.2,5.9
GHCND:USC00045064,29,34.65361,-120.45111,20101212,0.05,0.15,0.50,0.84,0.0,14.27,0.0,232,144,59,18,0,0,0,0,0,0,0,0,0,52.2,21.4,62.8,41.5,4.5,8.1,6.2,5.9
GHCND:USC00045064,29,34.65361,-120.45111,20101213,0.05,0.15,0.50,0.91,0.0,14.34,0.0,234,146,59,19,0,0,0,0,0,0,0,0,0,52.1,21.3,62.8,41.4,4.6,8.1,6.3,5.9
GHCND:USC00045064,29,34.65361,-120.45111,20101214,0.05,0.15,0.51,0.99,0.0,14.42,0.0,235,148,60,19,0,0,0,0,0,0,0,0,0,52.0,21.3,62.7,41.4,4.6,8.1,6.3,6.0
GHCND:USC00045064,29,34.65361,-120.45111,20101215,0.05,0.16,0.51,1.07,0.0,14.50,0.0,237,150,61,20,0,0,0,0,0,0,0,0,0,52.0,21.3,62.6,41.4,4.6,8.1,6.3,6.0
GHCND:USC00045064,29,34.65361,-120.45111,20101216,0.06,0.16,0.52,1.15,0.0,14.58,0.0,237,151,62,21,0,0,0,0,0,0,0,0,0,51.9,21.2,62.5,41.3,4.6,8.1,6.3,6.0
GHCND:USC00045064,29,34.65361,-120.45111,20101217,0.06,0.16,0.52,1.23,0.0,14.66,0.0,238,153,63,21,0,0,0,0,0,0,0,0,0,51.9,21.2,62.5,41.3,4.6,8.1,6.3,6.0
GHCND:USC00045064,29,34.65361,-120.45111,20101218,0.06,0.17,0.53,1.31,0.0,14.74,0.0,239,154,63,22,0,0,0,0,0,0,0,0,0,51.9,21.2,62.4,41.3,4.6,8.1,6.3,6.0
GHCND:USC00045064,29,34.65361,-120.45111,20101219,0.06,0.17,0.53,1.40,0.0,14.83,0.0,240,156,64,23,0,0,0,0,0,0,0,0,0,51.8,21.1,62.4,41.3,4.6,8.1,6.3,6.1
GHCND:USC00045064,29,34.65361,-120.45111,20101220,0.06,0.17,0.53,1.49,0.0,14.92,0.0,241,157,64,23,0,0,0,0,0,0,0,0,0,51.8,21.1,62.4,41.3,4.6,8.1,6.3,6.1
GHCND:USC00045064,29,34.65361,-120.45111,20101221,0.06,0.17,0.53,1.58,0.0,15.01,0.0,242,158,64,24,0,0,0,0,0,0,0,0,0,51.8,21.1,62.4,41.3,4.6,8.1,6.3,6.1
GHCND:USC00045064,29,34.65361,-120.45111,20101222,0.06,0.18,0.53,1.67,0.0,15.10,0.0,242,159,65,24,0,0,0,0,0,0,0,0,0,51.8,21.1,62.4,41.3,4.6,8.2,6.3,6.1
GHCND:USC00045064,29,34.6538,-120.4513,20101223,0.06,0.18,0.53,1.76,0.0,15.19,0.0,242,160,65,25,0,0,0,0,0,0,0,0,0,51.8,21.0,62.4,41.3,4.6,8.2,6.3,6.1
GHCND:USC00045064,29,34.6538,-120.4513,20101224,0.06,0.18,0.53,1.86,0.0,15.29,0.0,241,161,65,25,0,0,0,0,0,0,0,0,0,51.9,21.0,62.4,41.3,4.6,8.2,6.3,6.1
GHCND:USC00045064,29,34.6538,-120.4513,20101225,0.06,0.18,0.53,1.95,0.0,15.38,0.0,241,162,65,26,0,0,0,0,0,0,0,0,0,51.9,21.0,62.4,41.4,4.7,8.2,6.3,6.1
GHCND:USC00045064,29,34.6538,-120.4513,20101226,0.07,0.19,0.53,2.05,0.0,15.48,0.0,242,163,66,27,0,0,0,0,0,0,0,0,0,51.9,21.0,62.4,41.4,4.7,8.2,6.3,6.1
GHCND:USC00045064,29,34.6538,-120.4513,20101227,0.07,0.19,0.53,2.15,0.0,15.58,0.0,242,164,67,27,0,0,0,0,0,0,0,0,0,51.9,21.0,62.4,41.4,4.7,8.3,6.3,6.1
GHCND:USC00045064,29,34.6538,-120.4513,20101228,0.07,0.19,0.54,2.25,0.0,15.68,0.0,243,166,67,28,0,0,0,0,0,0,0,0,0,52.0,21.0,62.5,41.5,4.7,8.3,6.3,6.2
GHCND:USC00045064,29,34.6538,-120.4513,20101229,0.07,0.20,0.54,2.36,0.0,15.79,0.0,243,167,68,29,0,0,0,0,0,0,0,0,0,52.0,21.0,62.5,41.5,4.7,8.3,6.3,6.2
GHCND:USC00045064,29,34.6538,-120.4513,20101230,0.07,0.20,0.54,2.46,0.0,15.89,0.0,244,169,69,29,0,0,0,0,0,0,0,0,0,52.0,21.0,62.5,41.5,4.7,8.3,6.3,6.2
GHCND:USC00045064,29,34.6538,-120.4513,20101231,0.07,0.20,0.54,2.56,0.0,15.99,0.0,244,170,70,30,0,0,0,0,0,0,0,0,0,52.1,21.0,62.6,41.6,4.7,8.3,6.4,6.2
